run_id,seed,task_id,compile_ok,correct,runtime_ms,speedup,joules,avg_power_w,sla_violation,reward,turns_to_success,data_scale_proxy,stage,checkpoint
run::M5_HRL::runtime_vs_static_comparison::seed11::L1_1,11,L1_1,1,1,1.853963,1.880875,0.315763,177.655,0,14.581829,1,,hrl,checkpoints/exp/runtime_vs_static_comparison/m5_hrl/seed11/checkpoint.json
run::M5_HRL::runtime_vs_static_comparison::seed11::L1_2,11,L1_2,1,1,2.601796,1.735248,0.436807,169.49,0,14.677859,1,,hrl,checkpoints/exp/runtime_vs_static_comparison/m5_hrl/seed11/checkpoint.json
run::M5_HRL::runtime_vs_static_comparison::seed11::L1_3,11,L1_3,1,1,2.342012,2.127606,0.373228,163.708,0,15.675812,1,,hrl,checkpoints/exp/runtime_vs_static_comparison/m5_hrl/seed11/checkpoint.json
run::M5_HRL::runtime_vs_static_comparison::seed11::L1_4,11,L1_4,1,1,1.954704,1.839567,0.318617,173.279,0,14.333671,1,,hrl,checkpoints/exp/runtime_vs_static_comparison/m5_hrl/seed11/checkpoint.json
run::M5_HRL::runtime_vs_static_comparison::seed11::L1_5,11,L1_5,1,1,1.525844,1.902264,0.293197,174.885,0,15.454453,1,,hrl,checkpoints/exp/runtime_vs_static_comparison/m5_hrl/seed11/checkpoint.json
run::M5_HRL::runtime_vs_static_comparison::seed11::L1_6,11,L1_6,0,0,2.038761,1.812793,0.390641,172.737,0,8.912368,-1,,hrl,checkpoints/exp/runtime_vs_static_comparison/m5_hrl/seed11/checkpoint.json
run::M5_HRL::runtime_vs_static_comparison::seed11::L1_7,11,L1_7,1,1,2.339883,1.90208,0.327555,155.368,0,15.421996,1,,hrl,checkpoints/exp/runtime_vs_static_comparison/m5_hrl/seed11/checkpoint.json
run::M5_HRL::runtime_vs_static_comparison::seed11::L1_8,11,L1_8,1,0,1.928884,2.023993,0.328126,167.866,0,10.709634,-1,,hrl,checkpoints/exp/runtime_vs_static_comparison/m5_hrl/seed11/checkpoint.json
run::M5_HRL::runtime_vs_static_comparison::seed11::L1_9,11,L1_9,1,1,1.89313,1.850541,0.313408,168.833,0,15.373607,1,,hrl,checkpoints/exp/runtime_vs_static_comparison/m5_hrl/seed11/checkpoint.json
run::M5_HRL::runtime_vs_static_comparison::seed11::L1_10,11,L1_10,1,0,1.92522,1.808252,0.335213,168.581,0,9.403076,-1,,hrl,checkpoints/exp/runtime_vs_static_comparison/m5_hrl/seed11/checkpoint.json
run::M5_HRL::runtime_vs_static_comparison::seed11::L1_11,11,L1_11,1,1,2.248522,2.055408,0.381213,174.407,0,14.977139,1,,hrl,checkpoints/exp/runtime_vs_static_comparison/m5_hrl/seed11/checkpoint.json
run::M5_HRL::runtime_vs_static_comparison::seed11::L1_12,11,L1_12,0,0,1.852807,1.751492,0.295812,162.292,0,8.627381,6,,hrl,checkpoints/exp/runtime_vs_static_comparison/m5_hrl/seed11/checkpoint.json
run::M5_HRL::runtime_vs_static_comparison::seed11::L1_13,11,L1_13,1,1,2.624202,1.982787,0.384827,147.21,0,15.458392,1,,hrl,checkpoints/exp/runtime_vs_static_comparison/m5_hrl/seed11/checkpoint.json
run::M5_HRL::runtime_vs_static_comparison::seed11::L1_14,11,L1_14,1,0,2.343696,1.928552,0.441964,181.753,0,10.528716,-1,,hrl,checkpoints/exp/runtime_vs_static_comparison/m5_hrl/seed11/checkpoint.json
run::M5_HRL::runtime_vs_static_comparison::seed11::L1_15,11,L1_15,1,1,2.771263,2.122009,0.445075,160.498,0,15.096578,1,,hrl,checkpoints/exp/runtime_vs_static_comparison/m5_hrl/seed11/checkpoint.json
run::M5_HRL::runtime_vs_static_comparison::seed11::L1_16,11,L1_16,1,1,2.310228,1.69032,0.368758,156.805,0,15.099585,1,,hrl,checkpoints/exp/runtime_vs_static_comparison/m5_hrl/seed11/checkpoint.json
run::M5_HRL::runtime_vs_static_comparison::seed11::L1_17,11,L1_17,1,1,2.607128,2.268948,0.353042,137.113,0,15.557558,1,,hrl,checkpoints/exp/runtime_vs_static_comparison/m5_hrl/seed11/checkpoint.json
run::M5_HRL::runtime_vs_static_comparison::seed11::L1_18,11,L1_18,1,1,2.275462,1.680892,0.329647,161.917,0,14.790883,1,,hrl,checkpoints/exp/runtime_vs_static_comparison/m5_hrl/seed11/checkpoint.json
run::M5_HRL::runtime_vs_static_comparison::seed11::L1_19,11,L1_19,1,1,1.563255,1.831411,0.254959,169.978,0,14.237687,1,,hrl,checkpoints/exp/runtime_vs_static_comparison/m5_hrl/seed11/checkpoint.json
run::M5_HRL::runtime_vs_static_comparison::seed11::L1_20,11,L1_20,1,1,1.924457,1.833918,0.287246,147.657,0,15.212356,1,,hrl,checkpoints/exp/runtime_vs_static_comparison/m5_hrl/seed11/checkpoint.json
run::M5_HRL::runtime_vs_static_comparison::seed11::L2_1,11,L2_1,1,1,3.895682,2.022224,0.76052,198.887,0,14.742793,1,,hrl,checkpoints/exp/runtime_vs_static_comparison/m5_hrl/seed11/checkpoint.json
run::M5_HRL::runtime_vs_static_comparison::seed11::L2_2,11,L2_2,1,0,4.708769,1.845006,0.95596,206.718,0,10.420009,-1,,hrl,checkpoints/exp/runtime_vs_static_comparison/m5_hrl/seed11/checkpoint.json
run::M5_HRL::runtime_vs_static_comparison::seed11::L2_3,11,L2_3,1,0,3.969865,1.740155,0.65126,176.935,0,10.183511,-1,,hrl,checkpoints/exp/runtime_vs_static_comparison/m5_hrl/seed11/checkpoint.json
run::M5_HRL::runtime_vs_static_comparison::seed11::L2_4,11,L2_4,0,0,4.544436,1.829011,0.78366,178.588,0,8.626342,6,,hrl,checkpoints/exp/runtime_vs_static_comparison/m5_hrl/seed11/checkpoint.json
run::M5_HRL::runtime_vs_static_comparison::seed11::L2_5,11,L2_5,1,0,4.302647,1.807306,0.770566,185.134,0,9.703328,-1,,hrl,checkpoints/exp/runtime_vs_static_comparison/m5_hrl/seed11/checkpoint.json
run::M5_HRL::runtime_vs_static_comparison::seed11::L2_6,11,L2_6,1,1,4.957198,1.757367,1.035831,201.156,0,13.712015,2,,hrl,checkpoints/exp/runtime_vs_static_comparison/m5_hrl/seed11/checkpoint.json
run::M5_HRL::runtime_vs_static_comparison::seed11::L2_7,11,L2_7,0,0,5.03056,1.786033,0.90034,181.588,0,8.515057,-1,,hrl,checkpoints/exp/runtime_vs_static_comparison/m5_hrl/seed11/checkpoint.json
run::M5_HRL::runtime_vs_static_comparison::seed11::L2_8,11,L2_8,1,1,4.032203,2.051254,0.650145,180.913,0,14.951252,1,,hrl,checkpoints/exp/runtime_vs_static_comparison/m5_hrl/seed11/checkpoint.json
run::M5_HRL::runtime_vs_static_comparison::seed11::L2_9,11,L2_9,1,1,5.34939,1.759604,1.109981,202.334,0,14.047921,2,,hrl,checkpoints/exp/runtime_vs_static_comparison/m5_hrl/seed11/checkpoint.json
run::M5_HRL::runtime_vs_static_comparison::seed11::L2_10,11,L2_10,1,1,4.239783,1.560523,0.831504,207.789,0,14.021753,1,,hrl,checkpoints/exp/runtime_vs_static_comparison/m5_hrl/seed11/checkpoint.json
run::M5_HRL::runtime_vs_static_comparison::seed11::L2_11,11,L2_11,1,0,3.577272,1.868427,0.794084,227.622,0,10.580956,-1,,hrl,checkpoints/exp/runtime_vs_static_comparison/m5_hrl/seed11/checkpoint.json
run::M5_HRL::runtime_vs_static_comparison::seed11::L2_12,11,L2_12,1,1,6.869426,1.703705,1.259891,179.251,0,13.617607,2,,hrl,checkpoints/exp/runtime_vs_static_comparison/m5_hrl/seed11/checkpoint.json
run::M5_HRL::runtime_vs_static_comparison::seed11::L2_13,11,L2_13,1,0,5.88871,1.757766,1.304342,222.293,0,9.998554,6,,hrl,checkpoints/exp/runtime_vs_static_comparison/m5_hrl/seed11/checkpoint.json
run::M5_HRL::runtime_vs_static_comparison::seed11::L2_14,11,L2_14,1,1,4.535229,1.892485,0.94039,207.18,0,14.868408,1,,hrl,checkpoints/exp/runtime_vs_static_comparison/m5_hrl/seed11/checkpoint.json
run::M5_HRL::runtime_vs_static_comparison::seed11::L2_15,11,L2_15,1,1,4.715129,1.775613,0.884316,191.169,0,15.095097,2,,hrl,checkpoints/exp/runtime_vs_static_comparison/m5_hrl/seed11/checkpoint.json
run::M5_HRL::runtime_vs_static_comparison::seed11::L2_16,11,L2_16,1,0,5.605199,1.650933,1.015663,189.173,0,9.43023,-1,,hrl,checkpoints/exp/runtime_vs_static_comparison/m5_hrl/seed11/checkpoint.json
run::M5_HRL::runtime_vs_static_comparison::seed11::L2_17,11,L2_17,1,1,5.275952,1.650431,1.032627,204.829,0,14.510043,1,,hrl,checkpoints/exp/runtime_vs_static_comparison/m5_hrl/seed11/checkpoint.json
run::M5_HRL::runtime_vs_static_comparison::seed11::L2_18,11,L2_18,1,1,7.435754,1.470697,1.753681,216.938,0,13.015096,2,,hrl,checkpoints/exp/runtime_vs_static_comparison/m5_hrl/seed11/checkpoint.json
run::M5_HRL::runtime_vs_static_comparison::seed11::L2_19,11,L2_19,0,0,7.309042,1.717545,1.374756,176.997,0,8.001604,6,,hrl,checkpoints/exp/runtime_vs_static_comparison/m5_hrl/seed11/checkpoint.json
run::M5_HRL::runtime_vs_static_comparison::seed11::L2_20,11,L2_20,1,1,5.346014,1.551831,1.058809,195.201,0,14.216964,1,,hrl,checkpoints/exp/runtime_vs_static_comparison/m5_hrl/seed11/checkpoint.json
run::M5_HRL::runtime_vs_static_comparison::seed11::L3_1,11,L3_1,1,1,8.88627,1.824021,2.225964,234.811,0,13.664597,2,,hrl,checkpoints/exp/runtime_vs_static_comparison/m5_hrl/seed11/checkpoint.json
run::M5_HRL::runtime_vs_static_comparison::seed11::L3_2,11,L3_2,0,0,12.120148,1.63083,2.630514,191.742,0,6.438537,-1,,hrl,checkpoints/exp/runtime_vs_static_comparison/m5_hrl/seed11/checkpoint.json
run::M5_HRL::runtime_vs_static_comparison::seed11::L3_3,11,L3_3,1,1,9.985329,1.998011,2.201436,226.397,0,13.396673,2,,hrl,checkpoints/exp/runtime_vs_static_comparison/m5_hrl/seed11/checkpoint.json
run::M5_HRL::runtime_vs_static_comparison::seed11::L3_4,11,L3_4,1,1,10.144911,1.610312,2.408949,221.827,0,13.334506,1,,hrl,checkpoints/exp/runtime_vs_static_comparison/m5_hrl/seed11/checkpoint.json
run::M5_HRL::runtime_vs_static_comparison::seed11::L3_5,11,L3_5,0,0,11.138624,1.821423,2.472849,229.884,0,7.490564,-1,,hrl,checkpoints/exp/runtime_vs_static_comparison/m5_hrl/seed11/checkpoint.json
run::M5_HRL::runtime_vs_static_comparison::seed11::L3_6,11,L3_6,0,0,12.81466,1.597774,2.790049,218.567,0,7.032472,6,,hrl,checkpoints/exp/runtime_vs_static_comparison/m5_hrl/seed11/checkpoint.json
run::M5_HRL::runtime_vs_static_comparison::seed11::L3_7,11,L3_7,1,1,13.863156,1.826423,3.771695,258.882,0,12.167993,3,,hrl,checkpoints/exp/runtime_vs_static_comparison/m5_hrl/seed11/checkpoint.json
run::M5_HRL::runtime_vs_static_comparison::seed11::L3_8,11,L3_8,0,0,12.527856,1.646556,2.739265,221.376,0,6.757955,6,,hrl,checkpoints/exp/runtime_vs_static_comparison/m5_hrl/seed11/checkpoint.json
run::M5_HRL::runtime_vs_static_comparison::seed11::L3_9,11,L3_9,0,0,14.384657,1.663237,3.024965,193.987,0,6.43355,6,,hrl,checkpoints/exp/runtime_vs_static_comparison/m5_hrl/seed11/checkpoint.json
run::M5_HRL::runtime_vs_static_comparison::seed11::L3_10,11,L3_10,0,0,12.732716,1.645278,3.18745,236.018,0,6.735336,-1,,hrl,checkpoints/exp/runtime_vs_static_comparison/m5_hrl/seed11/checkpoint.json
run::M5_HRL::runtime_vs_static_comparison::seed11::L3_11,11,L3_11,1,1,11.935535,1.541213,2.60533,223.201,0,12.970424,3,,hrl,checkpoints/exp/runtime_vs_static_comparison/m5_hrl/seed11/checkpoint.json
run::M5_HRL::runtime_vs_static_comparison::seed11::L3_12,11,L3_12,1,0,13.175293,1.599412,2.595847,211.871,0,8.115737,-1,,hrl,checkpoints/exp/runtime_vs_static_comparison/m5_hrl/seed11/checkpoint.json
run::M5_HRL::runtime_vs_static_comparison::seed11::L3_13,11,L3_13,1,1,13.07767,1.743354,2.742055,210.464,0,13.336671,2,,hrl,checkpoints/exp/runtime_vs_static_comparison/m5_hrl/seed11/checkpoint.json
run::M5_HRL::runtime_vs_static_comparison::seed11::L3_14,11,L3_14,1,1,13.452464,1.628916,2.633387,194.457,0,12.678478,1,,hrl,checkpoints/exp/runtime_vs_static_comparison/m5_hrl/seed11/checkpoint.json
run::M5_HRL::runtime_vs_static_comparison::seed11::L3_15,11,L3_15,1,1,17.832748,1.668203,5.026165,255.146,0,11.105478,3,,hrl,checkpoints/exp/runtime_vs_static_comparison/m5_hrl/seed11/checkpoint.json
run::M5_HRL::runtime_vs_static_comparison::seed11::L3_16,11,L3_16,1,1,22.888653,1.656556,6.259213,261.579,0,10.052872,2,,hrl,checkpoints/exp/runtime_vs_static_comparison/m5_hrl/seed11/checkpoint.json
run::M5_HRL::runtime_vs_static_comparison::seed11::L3_17,11,L3_17,1,1,14.350724,1.58088,2.786933,200.325,0,12.930872,1,,hrl,checkpoints/exp/runtime_vs_static_comparison/m5_hrl/seed11/checkpoint.json
run::M5_HRL::runtime_vs_static_comparison::seed11::L3_18,11,L3_18,0,0,16.553479,1.587548,4.130657,244.222,0,5.782727,-1,,hrl,checkpoints/exp/runtime_vs_static_comparison/m5_hrl/seed11/checkpoint.json
run::M5_HRL::runtime_vs_static_comparison::seed11::L3_19,11,L3_19,1,1,14.558966,1.636473,3.197348,217.382,0,12.507689,2,,hrl,checkpoints/exp/runtime_vs_static_comparison/m5_hrl/seed11/checkpoint.json
run::M5_HRL::runtime_vs_static_comparison::seed11::L3_20,11,L3_20,1,1,13.681249,1.443223,3.751451,232.209,0,11.559519,1,,hrl,checkpoints/exp/runtime_vs_static_comparison/m5_hrl/seed11/checkpoint.json
run::M5_HRL::runtime_vs_static_comparison::seed11::L4_1,11,L4_1,1,0,46.03465,1.434809,12.270124,245.346,1,-1.528701,-1,,hrl,checkpoints/exp/runtime_vs_static_comparison/m5_hrl/seed11/checkpoint.json
run::M5_HRL::runtime_vs_static_comparison::seed11::L4_2,11,L4_2,1,0,34.838739,1.686769,9.753241,257.932,0,2.011683,-1,,hrl,checkpoints/exp/runtime_vs_static_comparison/m5_hrl/seed11/checkpoint.json
run::M5_HRL::runtime_vs_static_comparison::seed11::L4_3,11,L4_3,1,1,39.961967,1.479181,9.216919,250.985,1,6.185142,2,,hrl,checkpoints/exp/runtime_vs_static_comparison/m5_hrl/seed11/checkpoint.json
run::M5_HRL::runtime_vs_static_comparison::seed11::L4_4,11,L4_4,1,0,35.29413,1.490156,8.166705,241.328,0,3.80812,-1,,hrl,checkpoints/exp/runtime_vs_static_comparison/m5_hrl/seed11/checkpoint.json
run::M5_HRL::runtime_vs_static_comparison::seed11::L4_5,11,L4_5,1,0,37.025343,1.685026,10.065346,274.078,1,0.627291,-1,,hrl,checkpoints/exp/runtime_vs_static_comparison/m5_hrl/seed11/checkpoint.json
run::M5_HRL::runtime_vs_static_comparison::seed11::L4_6,11,L4_6,0,0,42.17297,1.432974,9.588711,242.907,1,-1.18733,6,,hrl,checkpoints/exp/runtime_vs_static_comparison/m5_hrl/seed11/checkpoint.json
run::M5_HRL::runtime_vs_static_comparison::seed11::L4_7,11,L4_7,1,1,34.400287,1.622613,9.425607,265.455,0,6.184498,3,,hrl,checkpoints/exp/runtime_vs_static_comparison/m5_hrl/seed11/checkpoint.json
run::M5_HRL::runtime_vs_static_comparison::seed11::L4_8,11,L4_8,0,0,41.908788,1.592088,10.801576,280.383,1,-1.199815,6,,hrl,checkpoints/exp/runtime_vs_static_comparison/m5_hrl/seed11/checkpoint.json
run::M5_HRL::runtime_vs_static_comparison::seed11::L4_9,11,L4_9,1,1,32.815462,1.583298,6.834794,223.639,0,9.437896,3,,hrl,checkpoints/exp/runtime_vs_static_comparison/m5_hrl/seed11/checkpoint.json
run::M5_HRL::runtime_vs_static_comparison::seed11::L4_10,11,L4_10,1,1,32.748716,1.468588,10.104441,289.383,0,6.075048,4,,hrl,checkpoints/exp/runtime_vs_static_comparison/m5_hrl/seed11/checkpoint.json
run::M5_HRL::runtime_vs_static_comparison::seed11::L4_11,11,L4_11,1,1,40.771937,1.272572,8.803876,223.53,1,6.069728,4,,hrl,checkpoints/exp/runtime_vs_static_comparison/m5_hrl/seed11/checkpoint.json
run::M5_HRL::runtime_vs_static_comparison::seed11::L4_12,11,L4_12,1,0,40.319785,1.628537,10.864303,248.507,0,1.651659,6,,hrl,checkpoints/exp/runtime_vs_static_comparison/m5_hrl/seed11/checkpoint.json
run::M5_HRL::runtime_vs_static_comparison::seed11::L4_13,11,L4_13,1,0,40.435444,1.445967,10.591158,236.842,1,0.707673,6,,hrl,checkpoints/exp/runtime_vs_static_comparison/m5_hrl/seed11/checkpoint.json
run::M5_HRL::runtime_vs_static_comparison::seed11::L4_14,11,L4_14,1,1,48.30235,1.433873,14.332555,305.155,1,2.240551,4,,hrl,checkpoints/exp/runtime_vs_static_comparison/m5_hrl/seed11/checkpoint.json
run::M5_HRL::runtime_vs_static_comparison::seed11::L4_15,11,L4_15,1,1,42.004834,1.468099,9.821194,234.174,1,6.382955,2,,hrl,checkpoints/exp/runtime_vs_static_comparison/m5_hrl/seed11/checkpoint.json
run::M5_HRL::runtime_vs_static_comparison::seed11::L4_16,11,L4_16,1,1,38.509021,1.469316,8.417774,225.698,1,6.936625,3,,hrl,checkpoints/exp/runtime_vs_static_comparison/m5_hrl/seed11/checkpoint.json
run::M5_HRL::runtime_vs_static_comparison::seed11::L4_17,11,L4_17,1,0,55.502803,1.417911,14.653877,252.806,1,-3.623511,6,,hrl,checkpoints/exp/runtime_vs_static_comparison/m5_hrl/seed11/checkpoint.json
run::M5_HRL::runtime_vs_static_comparison::seed11::L4_18,11,L4_18,1,1,69.632579,1.391584,19.798955,264.355,1,-3.277045,3,,hrl,checkpoints/exp/runtime_vs_static_comparison/m5_hrl/seed11/checkpoint.json
run::M5_HRL::runtime_vs_static_comparison::seed11::L4_19,11,L4_19,1,0,53.995905,1.581824,14.148766,256.95,0,-1.659748,-1,,hrl,checkpoints/exp/runtime_vs_static_comparison/m5_hrl/seed11/checkpoint.json
run::M5_HRL::runtime_vs_static_comparison::seed11::L4_20,11,L4_20,0,0,51.147421,1.743113,13.577499,258.021,1,-3.680371,6,,hrl,checkpoints/exp/runtime_vs_static_comparison/m5_hrl/seed11/checkpoint.json
run::M5_HRL::runtime_vs_static_comparison::seed22::L1_1,22,L1_1,1,1,2.005346,1.653868,0.332292,180.352,0,15.613675,1,,hrl,checkpoints/exp/runtime_vs_static_comparison/m5_hrl/seed22/checkpoint.json
run::M5_HRL::runtime_vs_static_comparison::seed22::L1_2,22,L1_2,1,1,2.237946,2.114058,0.44208,190.01,0,15.911162,1,,hrl,checkpoints/exp/runtime_vs_static_comparison/m5_hrl/seed22/checkpoint.json
run::M5_HRL::runtime_vs_static_comparison::seed22::L1_3,22,L1_3,1,1,2.759862,2.023632,0.527539,171.783,0,15.225811,1,,hrl,checkpoints/exp/runtime_vs_static_comparison/m5_hrl/seed22/checkpoint.json
run::M5_HRL::runtime_vs_static_comparison::seed22::L1_4,22,L1_4,1,1,1.940039,1.760393,0.372427,186.471,0,15.611545,1,,hrl,checkpoints/exp/runtime_vs_static_comparison/m5_hrl/seed22/checkpoint.json
run::M5_HRL::runtime_vs_static_comparison::seed22::L1_5,22,L1_5,1,1,1.334003,1.908163,0.182646,140.162,0,15.060576,1,,hrl,checkpoints/exp/runtime_vs_static_comparison/m5_hrl/seed22/checkpoint.json
run::M5_HRL::runtime_vs_static_comparison::seed22::L1_6,22,L1_6,1,1,2.113373,1.867757,0.330355,153.452,0,15.204428,1,,hrl,checkpoints/exp/runtime_vs_static_comparison/m5_hrl/seed22/checkpoint.json
run::M5_HRL::runtime_vs_static_comparison::seed22::L1_7,22,L1_7,1,1,2.208275,2.039536,0.356479,157.582,0,15.868709,1,,hrl,checkpoints/exp/runtime_vs_static_comparison/m5_hrl/seed22/checkpoint.json
run::M5_HRL::runtime_vs_static_comparison::seed22::L1_8,22,L1_8,1,1,2.100178,1.709299,0.316018,161.042,0,15.111885,1,,hrl,checkpoints/exp/runtime_vs_static_comparison/m5_hrl/seed22/checkpoint.json
run::M5_HRL::runtime_vs_static_comparison::seed22::L1_9,22,L1_9,1,1,2.034951,1.890412,0.341135,166.489,0,15.25223,1,,hrl,checkpoints/exp/runtime_vs_static_comparison/m5_hrl/seed22/checkpoint.json
run::M5_HRL::runtime_vs_static_comparison::seed22::L1_10,22,L1_10,1,1,2.452238,1.723253,0.419446,167.196,0,14.545586,1,,hrl,checkpoints/exp/runtime_vs_static_comparison/m5_hrl/seed22/checkpoint.json
run::M5_HRL::runtime_vs_static_comparison::seed22::L1_11,22,L1_11,1,1,2.762865,2.003195,0.393041,149.343,0,15.774685,1,,hrl,checkpoints/exp/runtime_vs_static_comparison/m5_hrl/seed22/checkpoint.json
run::M5_HRL::runtime_vs_static_comparison::seed22::L1_12,22,L1_12,1,1,1.853994,1.956705,0.286913,152.207,0,15.728242,1,,hrl,checkpoints/exp/runtime_vs_static_comparison/m5_hrl/seed22/checkpoint.json
run::M5_HRL::runtime_vs_static_comparison::seed22::L1_13,22,L1_13,1,1,2.764111,1.817658,0.436269,155.094,0,15.817551,1,,hrl,checkpoints/exp/runtime_vs_static_comparison/m5_hrl/seed22/checkpoint.json
run::M5_HRL::runtime_vs_static_comparison::seed22::L1_14,22,L1_14,1,1,2.238371,1.796977,0.36058,152.801,0,14.716527,1,,hrl,checkpoints/exp/runtime_vs_static_comparison/m5_hrl/seed22/checkpoint.json
run::M5_HRL::runtime_vs_static_comparison::seed22::L1_15,22,L1_15,1,1,2.626409,2.040356,0.474681,176.535,0,15.508611,1,,hrl,checkpoints/exp/runtime_vs_static_comparison/m5_hrl/seed22/checkpoint.json
run::M5_HRL::runtime_vs_static_comparison::seed22::L1_16,22,L1_16,1,0,1.991366,1.828924,0.32767,167.595,0,10.803198,-1,,hrl,checkpoints/exp/runtime_vs_static_comparison/m5_hrl/seed22/checkpoint.json
run::M5_HRL::runtime_vs_static_comparison::seed22::L1_17,22,L1_17,1,0,2.303487,1.551971,0.400305,172.005,0,9.65787,6,,hrl,checkpoints/exp/runtime_vs_static_comparison/m5_hrl/seed22/checkpoint.json
run::M5_HRL::runtime_vs_static_comparison::seed22::L1_18,22,L1_18,1,1,2.534222,1.843896,0.436185,163.977,0,14.533487,1,,hrl,checkpoints/exp/runtime_vs_static_comparison/m5_hrl/seed22/checkpoint.json
run::M5_HRL::runtime_vs_static_comparison::seed22::L1_19,22,L1_19,1,0,1.492631,1.767801,0.229514,171.48,0,10.348065,-1,,hrl,checkpoints/exp/runtime_vs_static_comparison/m5_hrl/seed22/checkpoint.json
run::M5_HRL::runtime_vs_static_comparison::seed22::L1_20,22,L1_20,1,1,1.550685,1.608187,0.214807,143.058,0,14.771095,1,,hrl,checkpoints/exp/runtime_vs_static_comparison/m5_hrl/seed22/checkpoint.json
run::M5_HRL::runtime_vs_static_comparison::seed22::L2_1,22,L2_1,1,1,3.485087,1.634159,0.636272,187.954,0,14.218008,2,,hrl,checkpoints/exp/runtime_vs_static_comparison/m5_hrl/seed22/checkpoint.json
run::M5_HRL::runtime_vs_static_comparison::seed22::L2_2,22,L2_2,1,0,4.104027,1.630431,0.849645,210.404,0,9.842013,-1,,hrl,checkpoints/exp/runtime_vs_static_comparison/m5_hrl/seed22/checkpoint.json
run::M5_HRL::runtime_vs_static_comparison::seed22::L2_3,22,L2_3,1,0,4.130657,1.85955,0.82658,185.288,0,9.880395,6,,hrl,checkpoints/exp/runtime_vs_static_comparison/m5_hrl/seed22/checkpoint.json
run::M5_HRL::runtime_vs_static_comparison::seed22::L2_4,22,L2_4,1,1,3.76851,1.692351,0.835511,217.173,0,14.989709,1,,hrl,checkpoints/exp/runtime_vs_static_comparison/m5_hrl/seed22/checkpoint.json
run::M5_HRL::runtime_vs_static_comparison::seed22::L2_5,22,L2_5,1,1,3.762104,1.767035,0.611625,170.458,0,14.732038,2,,hrl,checkpoints/exp/runtime_vs_static_comparison/m5_hrl/seed22/checkpoint.json
run::M5_HRL::runtime_vs_static_comparison::seed22::L2_6,22,L2_6,1,1,4.301918,1.596526,0.782171,187.178,0,15.178391,1,,hrl,checkpoints/exp/runtime_vs_static_comparison/m5_hrl/seed22/checkpoint.json
run::M5_HRL::runtime_vs_static_comparison::seed22::L2_7,22,L2_7,1,0,5.051329,1.652483,0.855343,177.785,0,9.327941,-1,,hrl,checkpoints/exp/runtime_vs_static_comparison/m5_hrl/seed22/checkpoint.json
run::M5_HRL::runtime_vs_static_comparison::seed22::L2_8,22,L2_8,1,1,3.831031,1.715462,0.786084,200.893,0,14.334083,2,,hrl,checkpoints/exp/runtime_vs_static_comparison/m5_hrl/seed22/checkpoint.json
run::M5_HRL::runtime_vs_static_comparison::seed22::L2_9,22,L2_9,1,1,6.068647,1.636545,1.272433,194.2,0,14.715401,1,,hrl,checkpoints/exp/runtime_vs_static_comparison/m5_hrl/seed22/checkpoint.json
run::M5_HRL::runtime_vs_static_comparison::seed22::L2_10,22,L2_10,1,1,3.925495,1.804364,0.769491,195.547,0,14.878482,1,,hrl,checkpoints/exp/runtime_vs_static_comparison/m5_hrl/seed22/checkpoint.json
run::M5_HRL::runtime_vs_static_comparison::seed22::L2_11,22,L2_11,1,1,3.664979,1.600542,0.654602,179.275,0,14.876382,1,,hrl,checkpoints/exp/runtime_vs_static_comparison/m5_hrl/seed22/checkpoint.json
run::M5_HRL::runtime_vs_static_comparison::seed22::L2_12,22,L2_12,1,0,6.803624,1.807162,1.295173,197.012,0,9.702376,-1,,hrl,checkpoints/exp/runtime_vs_static_comparison/m5_hrl/seed22/checkpoint.json
run::M5_HRL::runtime_vs_static_comparison::seed22::L2_13,22,L2_13,1,1,6.681463,1.660765,1.40444,202.063,0,14.398179,1,,hrl,checkpoints/exp/runtime_vs_static_comparison/m5_hrl/seed22/checkpoint.json
run::M5_HRL::runtime_vs_static_comparison::seed22::L2_14,22,L2_14,1,1,4.286576,1.736253,0.832864,191.386,0,14.655237,1,,hrl,checkpoints/exp/runtime_vs_static_comparison/m5_hrl/seed22/checkpoint.json
run::M5_HRL::runtime_vs_static_comparison::seed22::L2_15,22,L2_15,1,1,4.438581,1.711535,0.909718,194.715,0,14.945493,1,,hrl,checkpoints/exp/runtime_vs_static_comparison/m5_hrl/seed22/checkpoint.json
run::M5_HRL::runtime_vs_static_comparison::seed22::L2_16,22,L2_16,1,0,5.165857,1.713736,1.133066,195.173,0,10.411577,6,,hrl,checkpoints/exp/runtime_vs_static_comparison/m5_hrl/seed22/checkpoint.json
run::M5_HRL::runtime_vs_static_comparison::seed22::L2_17,22,L2_17,1,1,5.047285,1.574245,1.03689,197.769,0,14.136743,1,,hrl,checkpoints/exp/runtime_vs_static_comparison/m5_hrl/seed22/checkpoint.json
run::M5_HRL::runtime_vs_static_comparison::seed22::L2_18,22,L2_18,1,0,7.980754,1.788218,1.527325,195.73,0,9.228265,6,,hrl,checkpoints/exp/runtime_vs_static_comparison/m5_hrl/seed22/checkpoint.json
run::M5_HRL::runtime_vs_static_comparison::seed22::L2_19,22,L2_19,1,1,6.211099,1.6316,1.167669,196.047,0,15.129648,1,,hrl,checkpoints/exp/runtime_vs_static_comparison/m5_hrl/seed22/checkpoint.json
run::M5_HRL::runtime_vs_static_comparison::seed22::L2_20,22,L2_20,1,1,5.58848,1.898678,0.869217,172.279,0,15.744513,1,,hrl,checkpoints/exp/runtime_vs_static_comparison/m5_hrl/seed22/checkpoint.json
run::M5_HRL::runtime_vs_static_comparison::seed22::L3_1,22,L3_1,1,1,9.67445,1.584423,1.996011,197.584,0,13.266222,3,,hrl,checkpoints/exp/runtime_vs_static_comparison/m5_hrl/seed22/checkpoint.json
run::M5_HRL::runtime_vs_static_comparison::seed22::L3_2,22,L3_2,1,1,14.200863,1.638799,3.540665,233.977,0,12.09091,3,,hrl,checkpoints/exp/runtime_vs_static_comparison/m5_hrl/seed22/checkpoint.json
run::M5_HRL::runtime_vs_static_comparison::seed22::L3_3,22,L3_3,1,1,10.619237,1.617073,2.16811,213.043,0,13.925549,2,,hrl,checkpoints/exp/runtime_vs_static_comparison/m5_hrl/seed22/checkpoint.json
run::M5_HRL::runtime_vs_static_comparison::seed22::L3_4,22,L3_4,1,1,9.725145,1.770553,2.203944,219.856,0,14.046069,2,,hrl,checkpoints/exp/runtime_vs_static_comparison/m5_hrl/seed22/checkpoint.json
run::M5_HRL::runtime_vs_static_comparison::seed22::L3_5,22,L3_5,1,1,12.601471,1.607584,2.707167,228.63,0,11.973963,1,,hrl,checkpoints/exp/runtime_vs_static_comparison/m5_hrl/seed22/checkpoint.json
run::M5_HRL::runtime_vs_static_comparison::seed22::L3_6,22,L3_6,1,1,13.359816,1.627113,3.023594,210.068,0,13.417674,3,,hrl,checkpoints/exp/runtime_vs_static_comparison/m5_hrl/seed22/checkpoint.json
run::M5_HRL::runtime_vs_static_comparison::seed22::L3_7,22,L3_7,1,0,13.262073,1.675024,3.416906,242.454,0,7.552523,-1,,hrl,checkpoints/exp/runtime_vs_static_comparison/m5_hrl/seed22/checkpoint.json
run::M5_HRL::runtime_vs_static_comparison::seed22::L3_8,22,L3_8,0,0,10.061443,1.70096,2.346673,237.696,0,7.87611,6,,hrl,checkpoints/exp/runtime_vs_static_comparison/m5_hrl/seed22/checkpoint.json
run::M5_HRL::runtime_vs_static_comparison::seed22::L3_9,22,L3_9,1,1,16.102014,1.539185,3.284202,213.852,0,12.711931,2,,hrl,checkpoints/exp/runtime_vs_static_comparison/m5_hrl/seed22/checkpoint.json
run::M5_HRL::runtime_vs_static_comparison::seed22::L3_10,22,L3_10,1,1,12.604576,1.584966,3.136681,242.877,0,12.311539,2,,hrl,checkpoints/exp/runtime_vs_static_comparison/m5_hrl/seed22/checkpoint.json
run::M5_HRL::runtime_vs_static_comparison::seed22::L3_11,22,L3_11,1,0,11.098902,1.726154,2.499653,219.84,0,9.128989,-1,,hrl,checkpoints/exp/runtime_vs_static_comparison/m5_hrl/seed22/checkpoint.json
run::M5_HRL::runtime_vs_static_comparison::seed22::L3_12,22,L3_12,1,1,12.539029,1.628647,3.00372,230.551,0,12.627404,3,,hrl,checkpoints/exp/runtime_vs_static_comparison/m5_hrl/seed22/checkpoint.json
run::M5_HRL::runtime_vs_static_comparison::seed22::L3_13,22,L3_13,1,1,13.885576,1.836658,3.527909,248.579,0,13.173906,3,,hrl,checkpoints/exp/runtime_vs_static_comparison/m5_hrl/seed22/checkpoint.json
run::M5_HRL::runtime_vs_static_comparison::seed22::L3_14,22,L3_14,1,1,14.630224,1.847156,3.164702,225.178,0,12.948679,1,,hrl,checkpoints/exp/runtime_vs_static_comparison/m5_hrl/seed22/checkpoint.json
run::M5_HRL::runtime_vs_static_comparison::seed22::L3_15,22,L3_15,1,1,16.566238,1.589859,3.591665,198.884,0,12.742705,3,,hrl,checkpoints/exp/runtime_vs_static_comparison/m5_hrl/seed22/checkpoint.json
run::M5_HRL::runtime_vs_static_comparison::seed22::L3_16,22,L3_16,1,0,17.339763,1.680712,4.256498,248.777,0,7.327003,-1,,hrl,checkpoints/exp/runtime_vs_static_comparison/m5_hrl/seed22/checkpoint.json
run::M5_HRL::runtime_vs_static_comparison::seed22::L3_17,22,L3_17,1,1,15.015567,1.551649,2.963016,210.223,0,12.516428,3,,hrl,checkpoints/exp/runtime_vs_static_comparison/m5_hrl/seed22/checkpoint.json
run::M5_HRL::runtime_vs_static_comparison::seed22::L3_18,22,L3_18,1,1,12.119693,1.590752,2.383892,213.165,0,13.035578,2,,hrl,checkpoints/exp/runtime_vs_static_comparison/m5_hrl/seed22/checkpoint.json
run::M5_HRL::runtime_vs_static_comparison::seed22::L3_19,22,L3_19,0,0,17.593482,1.796578,3.978156,232.933,0,6.253519,-1,,hrl,checkpoints/exp/runtime_vs_static_comparison/m5_hrl/seed22/checkpoint.json
run::M5_HRL::runtime_vs_static_comparison::seed22::L3_20,22,L3_20,1,1,15.54472,1.503524,3.806699,239.751,0,11.959761,2,,hrl,checkpoints/exp/runtime_vs_static_comparison/m5_hrl/seed22/checkpoint.json
run::M5_HRL::runtime_vs_static_comparison::seed22::L4_1,22,L4_1,0,0,40.21965,1.714242,9.510044,234.946,0,0.944549,-1,,hrl,checkpoints/exp/runtime_vs_static_comparison/m5_hrl/seed22/checkpoint.json
run::M5_HRL::runtime_vs_static_comparison::seed22::L4_2,22,L4_2,1,1,32.09726,1.593142,7.981923,247.472,0,9.421152,3,,hrl,checkpoints/exp/runtime_vs_static_comparison/m5_hrl/seed22/checkpoint.json
run::M5_HRL::runtime_vs_static_comparison::seed22::L4_3,22,L4_3,1,1,39.755783,1.34419,8.814702,242.854,1,6.307904,3,,hrl,checkpoints/exp/runtime_vs_static_comparison/m5_hrl/seed22/checkpoint.json
run::M5_HRL::runtime_vs_static_comparison::seed22::L4_4,22,L4_4,1,0,36.37988,1.469497,8.648486,252.492,1,2.286102,6,,hrl,checkpoints/exp/runtime_vs_static_comparison/m5_hrl/seed22/checkpoint.json
run::M5_HRL::runtime_vs_static_comparison::seed22::L4_5,22,L4_5,1,0,35.095293,1.525318,10.877684,318.227,0,2.055019,-1,,hrl,checkpoints/exp/runtime_vs_static_comparison/m5_hrl/seed22/checkpoint.json
run::M5_HRL::runtime_vs_static_comparison::seed22::L4_6,22,L4_6,1,0,44.387512,1.663342,11.177933,267.801,1,0.945362,6,,hrl,checkpoints/exp/runtime_vs_static_comparison/m5_hrl/seed22/checkpoint.json
run::M5_HRL::runtime_vs_static_comparison::seed22::L4_7,22,L4_7,1,1,33.013493,1.534686,7.802603,240.192,0,7.765692,2,,hrl,checkpoints/exp/runtime_vs_static_comparison/m5_hrl/seed22/checkpoint.json
run::M5_HRL::runtime_vs_static_comparison::seed22::L4_8,22,L4_8,1,1,52.157106,1.3105,12.680353,251.072,1,3.112938,3,,hrl,checkpoints/exp/runtime_vs_static_comparison/m5_hrl/seed22/checkpoint.json
run::M5_HRL::runtime_vs_static_comparison::seed22::L4_9,22,L4_9,1,1,47.703072,1.443201,10.343029,243.941,0,6.422773,2,,hrl,checkpoints/exp/runtime_vs_static_comparison/m5_hrl/seed22/checkpoint.json
run::M5_HRL::runtime_vs_static_comparison::seed22::L4_10,22,L4_10,1,1,35.071907,1.304817,8.919546,270.672,0,8.014678,4,,hrl,checkpoints/exp/runtime_vs_static_comparison/m5_hrl/seed22/checkpoint.json
run::M5_HRL::runtime_vs_static_comparison::seed22::L4_11,22,L4_11,0,0,53.331579,1.473995,11.947657,228.291,1,-1.783412,6,,hrl,checkpoints/exp/runtime_vs_static_comparison/m5_hrl/seed22/checkpoint.json
run::M5_HRL::runtime_vs_static_comparison::seed22::L4_12,22,L4_12,1,1,43.025551,1.428396,10.116287,232.091,1,5.221754,3,,hrl,checkpoints/exp/runtime_vs_static_comparison/m5_hrl/seed22/checkpoint.json
run::M5_HRL::runtime_vs_static_comparison::seed22::L4_13,22,L4_13,1,0,42.049615,1.489087,10.884955,255.078,0,1.476959,-1,,hrl,checkpoints/exp/runtime_vs_static_comparison/m5_hrl/seed22/checkpoint.json
run::M5_HRL::runtime_vs_static_comparison::seed22::L4_14,22,L4_14,1,1,40.740833,1.470582,9.735766,242.883,1,4.687555,3,,hrl,checkpoints/exp/runtime_vs_static_comparison/m5_hrl/seed22/checkpoint.json
run::M5_HRL::runtime_vs_static_comparison::seed22::L4_15,22,L4_15,0,0,46.126223,1.483963,10.364589,229.904,1,-0.919988,-1,,hrl,checkpoints/exp/runtime_vs_static_comparison/m5_hrl/seed22/checkpoint.json
run::M5_HRL::runtime_vs_static_comparison::seed22::L4_16,22,L4_16,1,1,51.08905,1.509061,12.649059,260.292,1,3.521404,4,,hrl,checkpoints/exp/runtime_vs_static_comparison/m5_hrl/seed22/checkpoint.json
run::M5_HRL::runtime_vs_static_comparison::seed22::L4_17,22,L4_17,1,0,62.137873,1.393493,15.324621,250.216,0,-2.353333,-1,,hrl,checkpoints/exp/runtime_vs_static_comparison/m5_hrl/seed22/checkpoint.json
run::M5_HRL::runtime_vs_static_comparison::seed22::L4_18,22,L4_18,1,1,57.903126,1.568863,13.490668,230.75,1,2.104078,2,,hrl,checkpoints/exp/runtime_vs_static_comparison/m5_hrl/seed22/checkpoint.json
run::M5_HRL::runtime_vs_static_comparison::seed22::L4_19,22,L4_19,1,1,45.850652,1.539871,13.644844,293.315,1,3.007681,2,,hrl,checkpoints/exp/runtime_vs_static_comparison/m5_hrl/seed22/checkpoint.json
run::M5_HRL::runtime_vs_static_comparison::seed22::L4_20,22,L4_20,1,1,42.023838,1.55762,9.628188,224.768,1,5.651584,4,,hrl,checkpoints/exp/runtime_vs_static_comparison/m5_hrl/seed22/checkpoint.json
run::M5_HRL::runtime_vs_static_comparison::seed33::L1_1,33,L1_1,1,1,1.500198,1.888622,0.216447,148.374,0,15.459153,1,,hrl,checkpoints/exp/runtime_vs_static_comparison/m5_hrl/seed33/checkpoint.json
run::M5_HRL::runtime_vs_static_comparison::seed33::L1_2,33,L1_2,1,0,2.216193,2.087499,0.355746,159.625,0,10.821489,-1,,hrl,checkpoints/exp/runtime_vs_static_comparison/m5_hrl/seed33/checkpoint.json
run::M5_HRL::runtime_vs_static_comparison::seed33::L1_3,33,L1_3,1,1,2.352245,1.593772,0.433434,169.065,0,15.334424,1,,hrl,checkpoints/exp/runtime_vs_static_comparison/m5_hrl/seed33/checkpoint.json
run::M5_HRL::runtime_vs_static_comparison::seed33::L1_4,33,L1_4,1,1,1.994724,2.010849,0.320394,167.704,0,15.13462,1,,hrl,checkpoints/exp/runtime_vs_static_comparison/m5_hrl/seed33/checkpoint.json
run::M5_HRL::runtime_vs_static_comparison::seed33::L1_5,33,L1_5,0,0,1.488202,2.004311,0.253892,168.03,0,9.792975,6,,hrl,checkpoints/exp/runtime_vs_static_comparison/m5_hrl/seed33/checkpoint.json
run::M5_HRL::runtime_vs_static_comparison::seed33::L1_6,33,L1_6,1,1,2.379084,2.001346,0.358921,156.501,0,15.973536,1,,hrl,checkpoints/exp/runtime_vs_static_comparison/m5_hrl/seed33/checkpoint.json
run::M5_HRL::runtime_vs_static_comparison::seed33::L1_7,33,L1_7,1,1,2.137326,1.68136,0.37395,161.819,0,15.607033,1,,hrl,checkpoints/exp/runtime_vs_static_comparison/m5_hrl/seed33/checkpoint.json
run::M5_HRL::runtime_vs_static_comparison::seed33::L1_8,33,L1_8,1,1,2.218355,2.124863,0.354,168.295,0,16.217364,1,,hrl,checkpoints/exp/runtime_vs_static_comparison/m5_hrl/seed33/checkpoint.json
run::M5_HRL::runtime_vs_static_comparison::seed33::L1_9,33,L1_9,1,1,2.164108,1.922772,0.378723,162.184,0,16.071628,1,,hrl,checkpoints/exp/runtime_vs_static_comparison/m5_hrl/seed33/checkpoint.json
run::M5_HRL::runtime_vs_static_comparison::seed33::L1_10,33,L1_10,1,1,1.975886,1.863303,0.318671,167.508,0,15.395228,1,,hrl,checkpoints/exp/runtime_vs_static_comparison/m5_hrl/seed33/checkpoint.json
run::M5_HRL::runtime_vs_static_comparison::seed33::L1_11,33,L1_11,1,0,2.355761,1.991724,0.44506,180.361,0,10.979498,-1,,hrl,checkpoints/exp/runtime_vs_static_comparison/m5_hrl/seed33/checkpoint.json
run::M5_HRL::runtime_vs_static_comparison::seed33::L1_12,33,L1_12,1,1,1.901628,1.788314,0.276556,148.097,0,15.676949,1,,hrl,checkpoints/exp/runtime_vs_static_comparison/m5_hrl/seed33/checkpoint.json
run::M5_HRL::runtime_vs_static_comparison::seed33::L1_13,33,L1_13,1,1,2.25868,1.978923,0.378052,176.297,0,15.609328,1,,hrl,checkpoints/exp/runtime_vs_static_comparison/m5_hrl/seed33/checkpoint.json
run::M5_HRL::runtime_vs_static_comparison::seed33::L1_14,33,L1_14,1,1,1.972296,1.73181,0.285196,157.532,0,15.305899,1,,hrl,checkpoints/exp/runtime_vs_static_comparison/m5_hrl/seed33/checkpoint.json
run::M5_HRL::runtime_vs_static_comparison::seed33::L1_15,33,L1_15,1,1,2.089372,1.807935,0.327831,153.145,0,15.124158,1,,hrl,checkpoints/exp/runtime_vs_static_comparison/m5_hrl/seed33/checkpoint.json
run::M5_HRL::runtime_vs_static_comparison::seed33::L1_16,33,L1_16,0,0,1.931713,2.043069,0.317094,170.204,0,10.26367,-1,,hrl,checkpoints/exp/runtime_vs_static_comparison/m5_hrl/seed33/checkpoint.json
run::M5_HRL::runtime_vs_static_comparison::seed33::L1_17,33,L1_17,1,1,2.236269,2.01364,0.396406,165.664,0,15.359955,1,,hrl,checkpoints/exp/runtime_vs_static_comparison/m5_hrl/seed33/checkpoint.json
run::M5_HRL::runtime_vs_static_comparison::seed33::L1_18,33,L1_18,0,0,2.625411,1.771463,0.42586,157.061,0,9.046156,-1,,hrl,checkpoints/exp/runtime_vs_static_comparison/m5_hrl/seed33/checkpoint.json
run::M5_HRL::runtime_vs_static_comparison::seed33::L1_19,33,L1_19,1,1,1.714091,2.043368,0.278503,159.001,0,15.775665,1,,hrl,checkpoints/exp/runtime_vs_static_comparison/m5_hrl/seed33/checkpoint.json
run::M5_HRL::runtime_vs_static_comparison::seed33::L1_20,33,L1_20,1,1,1.439854,2.067513,0.249567,178.565,0,15.900292,1,,hrl,checkpoints/exp/runtime_vs_static_comparison/m5_hrl/seed33/checkpoint.json
run::M5_HRL::runtime_vs_static_comparison::seed33::L2_1,33,L2_1,1,1,3.720232,1.568925,0.746716,202.446,0,14.772651,2,,hrl,checkpoints/exp/runtime_vs_static_comparison/m5_hrl/seed33/checkpoint.json
run::M5_HRL::runtime_vs_static_comparison::seed33::L2_2,33,L2_2,1,1,3.847326,1.683733,0.773648,193.859,0,15.065379,1,,hrl,checkpoints/exp/runtime_vs_static_comparison/m5_hrl/seed33/checkpoint.json
run::M5_HRL::runtime_vs_static_comparison::seed33::L2_3,33,L2_3,1,1,4.072249,1.651965,0.760777,200.979,0,15.487029,1,,hrl,checkpoints/exp/runtime_vs_static_comparison/m5_hrl/seed33/checkpoint.json
run::M5_HRL::runtime_vs_static_comparison::seed33::L2_4,33,L2_4,1,1,4.164973,1.739813,0.804817,194.206,0,15.299184,2,,hrl,checkpoints/exp/runtime_vs_static_comparison/m5_hrl/seed33/checkpoint.json
run::M5_HRL::runtime_vs_static_comparison::seed33::L2_5,33,L2_5,0,0,3.546331,1.753349,0.623123,175.782,0,8.736114,-1,,hrl,checkpoints/exp/runtime_vs_static_comparison/m5_hrl/seed33/checkpoint.json
run::M5_HRL::runtime_vs_static_comparison::seed33::L2_6,33,L2_6,1,1,5.222112,1.802447,1.083166,210.638,0,15.017825,2,,hrl,checkpoints/exp/runtime_vs_static_comparison/m5_hrl/seed33/checkpoint.json
run::M5_HRL::runtime_vs_static_comparison::seed33::L2_7,33,L2_7,1,1,4.345093,1.88915,0.843256,193.983,0,15.326037,1,,hrl,checkpoints/exp/runtime_vs_static_comparison/m5_hrl/seed33/checkpoint.json
run::M5_HRL::runtime_vs_static_comparison::seed33::L2_8,33,L2_8,1,1,3.631711,1.750961,0.678072,195.599,0,14.847618,1,,hrl,checkpoints/exp/runtime_vs_static_comparison/m5_hrl/seed33/checkpoint.json
run::M5_HRL::runtime_vs_static_comparison::seed33::L2_9,33,L2_9,1,1,6.668705,1.672165,1.164597,176.459,0,14.095353,1,,hrl,checkpoints/exp/runtime_vs_static_comparison/m5_hrl/seed33/checkpoint.json
run::M5_HRL::runtime_vs_static_comparison::seed33::L2_10,33,L2_10,1,0,5.330123,1.851085,1.007774,211.604,0,9.851582,6,,hrl,checkpoints/exp/runtime_vs_static_comparison/m5_hrl/seed33/checkpoint.json
run::M5_HRL::runtime_vs_static_comparison::seed33::L2_11,33,L2_11,1,1,4.733922,1.71933,0.871824,193.133,0,15.303689,1,,hrl,checkpoints/exp/runtime_vs_static_comparison/m5_hrl/seed33/checkpoint.json
run::M5_HRL::runtime_vs_static_comparison::seed33::L2_12,33,L2_12,1,1,7.040045,1.597611,1.440308,214.647,0,14.022468,2,,hrl,checkpoints/exp/runtime_vs_static_comparison/m5_hrl/seed33/checkpoint.json
run::M5_HRL::runtime_vs_static_comparison::seed33::L2_13,33,L2_13,0,0,5.356473,1.662388,1.07475,201.281,0,8.310673,6,,hrl,checkpoints/exp/runtime_vs_static_comparison/m5_hrl/seed33/checkpoint.json
run::M5_HRL::runtime_vs_static_comparison::seed33::L2_14,33,L2_14,1,1,5.262463,1.899097,1.025604,192.989,0,14.393786,1,,hrl,checkpoints/exp/runtime_vs_static_comparison/m5_hrl/seed33/checkpoint.json
run::M5_HRL::runtime_vs_static_comparison::seed33::L2_15,33,L2_15,1,1,4.330817,1.905621,0.826266,180.06,0,14.983795,2,,hrl,checkpoints/exp/runtime_vs_static_comparison/m5_hrl/seed33/checkpoint.json
run::M5_HRL::runtime_vs_static_comparison::seed33::L2_16,33,L2_16,1,0,5.068459,1.845281,0.866368,176.871,0,9.582603,6,,hrl,checkpoints/exp/runtime_vs_static_comparison/m5_hrl/seed33/checkpoint.json
run::M5_HRL::runtime_vs_static_comparison::seed33::L2_17,33,L2_17,1,1,4.373329,1.581795,0.879124,201.967,0,14.586224,1,,hrl,checkpoints/exp/runtime_vs_static_comparison/m5_hrl/seed33/checkpoint.json
run::M5_HRL::runtime_vs_static_comparison::seed33::L2_18,33,L2_18,1,1,7.163365,1.766115,1.368532,201.739,0,14.464289,2,,hrl,checkpoints/exp/runtime_vs_static_comparison/m5_hrl/seed33/checkpoint.json
run::M5_HRL::runtime_vs_static_comparison::seed33::L2_19,33,L2_19,1,0,5.487576,1.525723,1.184353,200.702,0,9.365181,6,,hrl,checkpoints/exp/runtime_vs_static_comparison/m5_hrl/seed33/checkpoint.json
run::M5_HRL::runtime_vs_static_comparison::seed33::L2_20,33,L2_20,1,0,5.697539,1.765397,0.95222,167.57,0,9.811745,-1,,hrl,checkpoints/exp/runtime_vs_static_comparison/m5_hrl/seed33/checkpoint.json
run::M5_HRL::runtime_vs_static_comparison::seed33::L3_1,33,L3_1,1,1,14.051069,1.485907,2.745957,208.221,0,12.812831,2,,hrl,checkpoints/exp/runtime_vs_static_comparison/m5_hrl/seed33/checkpoint.json
run::M5_HRL::runtime_vs_static_comparison::seed33::L3_2,33,L3_2,1,1,11.720162,1.536043,2.686339,219.825,0,13.596675,2,,hrl,checkpoints/exp/runtime_vs_static_comparison/m5_hrl/seed33/checkpoint.json
run::M5_HRL::runtime_vs_static_comparison::seed33::L3_3,33,L3_3,1,1,10.949055,1.732311,2.137592,204.202,0,13.802086,2,,hrl,checkpoints/exp/runtime_vs_static_comparison/m5_hrl/seed33/checkpoint.json
run::M5_HRL::runtime_vs_static_comparison::seed33::L3_4,33,L3_4,1,1,9.630854,1.79712,1.943291,219.424,0,14.532992,3,,hrl,checkpoints/exp/runtime_vs_static_comparison/m5_hrl/seed33/checkpoint.json
run::M5_HRL::runtime_vs_static_comparison::seed33::L3_5,33,L3_5,1,1,10.304543,1.913246,2.210254,202.736,0,14.075975,2,,hrl,checkpoints/exp/runtime_vs_static_comparison/m5_hrl/seed33/checkpoint.json
run::M5_HRL::runtime_vs_static_comparison::seed33::L3_6,33,L3_6,1,1,11.445867,1.528057,2.575626,213.178,0,13.201421,2,,hrl,checkpoints/exp/runtime_vs_static_comparison/m5_hrl/seed33/checkpoint.json
run::M5_HRL::runtime_vs_static_comparison::seed33::L3_7,33,L3_7,1,1,15.30214,1.576227,3.019882,197.903,0,14.094923,2,,hrl,checkpoints/exp/runtime_vs_static_comparison/m5_hrl/seed33/checkpoint.json
run::M5_HRL::runtime_vs_static_comparison::seed33::L3_8,33,L3_8,0,0,10.955277,1.763501,3.046684,242.523,0,7.203544,-1,,hrl,checkpoints/exp/runtime_vs_static_comparison/m5_hrl/seed33/checkpoint.json
run::M5_HRL::runtime_vs_static_comparison::seed33::L3_9,33,L3_9,1,0,10.377742,1.604231,2.260328,213.201,0,9.430493,-1,,hrl,checkpoints/exp/runtime_vs_static_comparison/m5_hrl/seed33/checkpoint.json
run::M5_HRL::runtime_vs_static_comparison::seed33::L3_10,33,L3_10,1,0,16.473757,1.712155,3.734499,232.093,0,6.876677,6,,hrl,checkpoints/exp/runtime_vs_static_comparison/m5_hrl/seed33/checkpoint.json
run::M5_HRL::runtime_vs_static_comparison::seed33::L3_11,33,L3_11,1,1,11.576392,1.600864,2.660243,233.257,0,12.69066,2,,hrl,checkpoints/exp/runtime_vs_static_comparison/m5_hrl/seed33/checkpoint.json
run::M5_HRL::runtime_vs_static_comparison::seed33::L3_12,33,L3_12,1,1,13.049686,1.896509,2.959577,233.883,0,13.214852,1,,hrl,checkpoints/exp/runtime_vs_static_comparison/m5_hrl/seed33/checkpoint.json
run::M5_HRL::runtime_vs_static_comparison::seed33::L3_13,33,L3_13,1,0,14.182851,1.734655,3.248607,225.537,0,8.317713,-1,,hrl,checkpoints/exp/runtime_vs_static_comparison/m5_hrl/seed33/checkpoint.json
run::M5_HRL::runtime_vs_static_comparison::seed33::L3_14,33,L3_14,1,1,11.092073,1.546177,2.330798,199.119,0,13.816086,2,,hrl,checkpoints/exp/runtime_vs_static_comparison/m5_hrl/seed33/checkpoint.json
run::M5_HRL::runtime_vs_static_comparison::seed33::L3_15,33,L3_15,1,0,15.590603,1.626736,4.201429,254.213,0,6.817678,-1,,hrl,checkpoints/exp/runtime_vs_static_comparison/m5_hrl/seed33/checkpoint.json
run::M5_HRL::runtime_vs_static_comparison::seed33::L3_16,33,L3_16,1,1,18.098145,1.476311,4.786893,285.643,0,11.606535,1,,hrl,checkpoints/exp/runtime_vs_static_comparison/m5_hrl/seed33/checkpoint.json
run::M5_HRL::runtime_vs_static_comparison::seed33::L3_17,33,L3_17,1,1,12.449549,1.619272,2.875746,239.663,0,13.137346,1,,hrl,checkpoints/exp/runtime_vs_static_comparison/m5_hrl/seed33/checkpoint.json
run::M5_HRL::runtime_vs_static_comparison::seed33::L3_18,33,L3_18,1,1,15.566098,1.576182,3.130419,209.645,0,13.053809,2,,hrl,checkpoints/exp/runtime_vs_static_comparison/m5_hrl/seed33/checkpoint.json
run::M5_HRL::runtime_vs_static_comparison::seed33::L3_19,33,L3_19,0,0,13.649762,1.612335,2.994607,222.932,1,4.87495,-1,,hrl,checkpoints/exp/runtime_vs_static_comparison/m5_hrl/seed33/checkpoint.json
run::M5_HRL::runtime_vs_static_comparison::seed33::L3_20,33,L3_20,1,0,13.054909,1.541023,2.85058,227.019,0,8.891663,-1,,hrl,checkpoints/exp/runtime_vs_static_comparison/m5_hrl/seed33/checkpoint.json
run::M5_HRL::runtime_vs_static_comparison::seed33::L4_1,33,L4_1,1,1,50.528759,1.732283,11.179693,246.07,1,5.045497,3,,hrl,checkpoints/exp/runtime_vs_static_comparison/m5_hrl/seed33/checkpoint.json
run::M5_HRL::runtime_vs_static_comparison::seed33::L4_2,33,L4_2,1,1,28.000039,1.539478,7.215724,254.939,0,9.425122,3,,hrl,checkpoints/exp/runtime_vs_static_comparison/m5_hrl/seed33/checkpoint.json
run::M5_HRL::runtime_vs_static_comparison::seed33::L4_3,33,L4_3,1,1,44.178412,1.698876,11.261099,268.289,1,4.891129,3,,hrl,checkpoints/exp/runtime_vs_static_comparison/m5_hrl/seed33/checkpoint.json
run::M5_HRL::runtime_vs_static_comparison::seed33::L4_4,33,L4_4,1,0,36.190421,1.690438,10.129567,270.883,1,0.87323,6,,hrl,checkpoints/exp/runtime_vs_static_comparison/m5_hrl/seed33/checkpoint.json
run::M5_HRL::runtime_vs_static_comparison::seed33::L4_5,33,L4_5,0,0,42.379781,1.447997,11.637872,273.723,1,-2.476518,-1,,hrl,checkpoints/exp/runtime_vs_static_comparison/m5_hrl/seed33/checkpoint.json
run::M5_HRL::runtime_vs_static_comparison::seed33::L4_6,33,L4_6,1,1,40.499289,1.367353,9.774277,245.356,1,5.83456,3,,hrl,checkpoints/exp/runtime_vs_static_comparison/m5_hrl/seed33/checkpoint.json
run::M5_HRL::runtime_vs_static_comparison::seed33::L4_7,33,L4_7,1,1,31.272014,1.598339,8.162683,250.679,0,8.712325,2,,hrl,checkpoints/exp/runtime_vs_static_comparison/m5_hrl/seed33/checkpoint.json
run::M5_HRL::runtime_vs_static_comparison::seed33::L4_8,33,L4_8,1,1,36.312472,1.346816,10.221152,283.188,0,7.002291,4,,hrl,checkpoints/exp/runtime_vs_static_comparison/m5_hrl/seed33/checkpoint.json
run::M5_HRL::runtime_vs_static_comparison::seed33::L4_9,33,L4_9,1,0,35.356232,1.597748,8.769106,235.756,0,3.288208,6,,hrl,checkpoints/exp/runtime_vs_static_comparison/m5_hrl/seed33/checkpoint.json
run::M5_HRL::runtime_vs_static_comparison::seed33::L4_10,33,L4_10,1,1,43.50708,1.378591,10.049216,233.862,0,7.430146,2,,hrl,checkpoints/exp/runtime_vs_static_comparison/m5_hrl/seed33/checkpoint.json
run::M5_HRL::runtime_vs_static_comparison::seed33::L4_11,33,L4_11,0,0,47.649422,1.485979,10.028634,213.783,1,-0.83201,6,,hrl,checkpoints/exp/runtime_vs_static_comparison/m5_hrl/seed33/checkpoint.json
run::M5_HRL::runtime_vs_static_comparison::seed33::L4_12,33,L4_12,1,0,41.539009,1.507177,11.604349,260.208,1,0.212582,-1,,hrl,checkpoints/exp/runtime_vs_static_comparison/m5_hrl/seed33/checkpoint.json
run::M5_HRL::runtime_vs_static_comparison::seed33::L4_13,33,L4_13,1,0,43.704234,1.498543,10.238478,248.738,1,1.135017,6,,hrl,checkpoints/exp/runtime_vs_static_comparison/m5_hrl/seed33/checkpoint.json
run::M5_HRL::runtime_vs_static_comparison::seed33::L4_14,33,L4_14,1,1,42.509734,1.418934,9.340023,228.023,1,6.595975,3,,hrl,checkpoints/exp/runtime_vs_static_comparison/m5_hrl/seed33/checkpoint.json
run::M5_HRL::runtime_vs_static_comparison::seed33::L4_15,33,L4_15,1,1,38.80793,1.352633,8.562761,232.088,1,6.370567,4,,hrl,checkpoints/exp/runtime_vs_static_comparison/m5_hrl/seed33/checkpoint.json
run::M5_HRL::runtime_vs_static_comparison::seed33::L4_16,33,L4_16,1,1,40.546827,1.390083,8.710939,239.56,1,7.477158,3,,hrl,checkpoints/exp/runtime_vs_static_comparison/m5_hrl/seed33/checkpoint.json
run::M5_HRL::runtime_vs_static_comparison::seed33::L4_17,33,L4_17,1,1,44.094962,1.415108,12.0445,274.873,1,3.573842,3,,hrl,checkpoints/exp/runtime_vs_static_comparison/m5_hrl/seed33/checkpoint.json
run::M5_HRL::runtime_vs_static_comparison::seed33::L4_18,33,L4_18,0,0,65.991879,1.501954,21.519017,322.199,1,-9.669171,6,,hrl,checkpoints/exp/runtime_vs_static_comparison/m5_hrl/seed33/checkpoint.json
run::M5_HRL::runtime_vs_static_comparison::seed33::L4_19,33,L4_19,1,1,46.000483,1.611919,10.270225,226.069,1,5.946447,4,,hrl,checkpoints/exp/runtime_vs_static_comparison/m5_hrl/seed33/checkpoint.json
run::M5_HRL::runtime_vs_static_comparison::seed33::L4_20,33,L4_20,1,0,48.648302,1.506328,11.890041,217.522,1,-0.631248,-1,,hrl,checkpoints/exp/runtime_vs_static_comparison/m5_hrl/seed33/checkpoint.json
