run_id,seed,task_id,compile_ok,correct,runtime_ms,speedup,joules,avg_power_w,sla_violation,reward,stage,checkpoint
run::M4_RUNTIME_PPO::regime_throughput::seed11::L1_1,11,L1_1,1,1,1.617787,1.77248,0.255894,159.524,0,14.695474,runtime_ppo,checkpoints/exp/regime_throughput/m4_runtime_ppo/seed11/checkpoint.json
run::M4_RUNTIME_PPO::regime_throughput::seed11::L1_2,11,L1_2,1,1,2.651935,1.981674,0.418999,170.61,0,15.027568,runtime_ppo,checkpoints/exp/regime_throughput/m4_runtime_ppo/seed11/checkpoint.json
run::M4_RUNTIME_PPO::regime_throughput::seed11::L1_3,11,L1_3,1,0,2.887503,1.788576,0.552568,181.43,0,9.312179,runtime_ppo,checkpoints/exp/regime_throughput/m4_runtime_ppo/seed11/checkpoint.json
run::M4_RUNTIME_PPO::regime_throughput::seed11::L1_4,11,L1_4,1,1,2.357479,1.930586,0.415205,181.75,0,14.318292,runtime_ppo,checkpoints/exp/regime_throughput/m4_runtime_ppo/seed11/checkpoint.json
run::M4_RUNTIME_PPO::regime_throughput::seed11::L1_5,11,L1_5,1,1,1.371564,2.205258,0.256424,189.625,0,14.463581,runtime_ppo,checkpoints/exp/regime_throughput/m4_runtime_ppo/seed11/checkpoint.json
run::M4_RUNTIME_PPO::regime_throughput::seed11::L1_6,11,L1_6,1,0,1.917473,2.047484,0.351326,181.682,0,9.914995,runtime_ppo,checkpoints/exp/regime_throughput/m4_runtime_ppo/seed11/checkpoint.json
run::M4_RUNTIME_PPO::regime_throughput::seed11::L1_7,11,L1_7,1,1,2.40718,2.037705,0.403355,162.549,0,14.124914,runtime_ppo,checkpoints/exp/regime_throughput/m4_runtime_ppo/seed11/checkpoint.json
run::M4_RUNTIME_PPO::regime_throughput::seed11::L1_8,11,L1_8,1,1,2.345318,1.996282,0.411175,187.298,0,14.990534,runtime_ppo,checkpoints/exp/regime_throughput/m4_runtime_ppo/seed11/checkpoint.json
run::M4_RUNTIME_PPO::regime_throughput::seed11::L1_9,11,L1_9,1,1,1.819265,1.700555,0.343973,179.289,0,14.207527,runtime_ppo,checkpoints/exp/regime_throughput/m4_runtime_ppo/seed11/checkpoint.json
run::M4_RUNTIME_PPO::regime_throughput::seed11::L1_10,11,L1_10,1,1,2.233776,1.654808,0.36832,185.299,0,14.606268,runtime_ppo,checkpoints/exp/regime_throughput/m4_runtime_ppo/seed11/checkpoint.json
run::M4_RUNTIME_PPO::regime_throughput::seed11::L1_11,11,L1_11,1,1,2.328843,1.979677,0.472075,191.846,0,14.455451,runtime_ppo,checkpoints/exp/regime_throughput/m4_runtime_ppo/seed11/checkpoint.json
run::M4_RUNTIME_PPO::regime_throughput::seed11::L1_12,11,L1_12,1,1,1.444118,1.974368,0.260962,183.448,0,14.992041,runtime_ppo,checkpoints/exp/regime_throughput/m4_runtime_ppo/seed11/checkpoint.json
run::M4_RUNTIME_PPO::regime_throughput::seed11::L1_13,11,L1_13,1,1,2.233091,1.925251,0.464512,194.833,0,14.174079,runtime_ppo,checkpoints/exp/regime_throughput/m4_runtime_ppo/seed11/checkpoint.json
run::M4_RUNTIME_PPO::regime_throughput::seed11::L1_14,11,L1_14,1,1,2.729019,1.975838,0.51248,199.496,0,14.731659,runtime_ppo,checkpoints/exp/regime_throughput/m4_runtime_ppo/seed11/checkpoint.json
run::M4_RUNTIME_PPO::regime_throughput::seed11::L1_15,11,L1_15,1,1,2.59851,1.985301,0.468779,173.881,0,14.200705,runtime_ppo,checkpoints/exp/regime_throughput/m4_runtime_ppo/seed11/checkpoint.json
run::M4_RUNTIME_PPO::regime_throughput::seed11::L1_16,11,L1_16,1,1,2.684566,1.980945,0.464086,177.423,0,14.628764,runtime_ppo,checkpoints/exp/regime_throughput/m4_runtime_ppo/seed11/checkpoint.json
run::M4_RUNTIME_PPO::regime_throughput::seed11::L1_17,11,L1_17,1,1,2.614872,1.857288,0.425372,170.1,0,14.3111,runtime_ppo,checkpoints/exp/regime_throughput/m4_runtime_ppo/seed11/checkpoint.json
run::M4_RUNTIME_PPO::regime_throughput::seed11::L1_18,11,L1_18,1,1,2.635545,1.721447,0.454613,175.402,0,14.761846,runtime_ppo,checkpoints/exp/regime_throughput/m4_runtime_ppo/seed11/checkpoint.json
run::M4_RUNTIME_PPO::regime_throughput::seed11::L1_19,11,L1_19,1,1,1.762095,1.57886,0.345129,180.528,0,14.425222,runtime_ppo,checkpoints/exp/regime_throughput/m4_runtime_ppo/seed11/checkpoint.json
run::M4_RUNTIME_PPO::regime_throughput::seed11::L1_20,11,L1_20,1,0,1.914989,1.998189,0.300979,155.644,0,9.355664,runtime_ppo,checkpoints/exp/regime_throughput/m4_runtime_ppo/seed11/checkpoint.json
run::M4_RUNTIME_PPO::regime_throughput::seed11::L2_1,11,L2_1,1,1,4.608016,1.822621,1.068464,212.731,0,13.931557,runtime_ppo,checkpoints/exp/regime_throughput/m4_runtime_ppo/seed11/checkpoint.json
run::M4_RUNTIME_PPO::regime_throughput::seed11::L2_2,11,L2_2,0,0,4.424543,1.752842,1.077015,230.205,0,7.532107,runtime_ppo,checkpoints/exp/regime_throughput/m4_runtime_ppo/seed11/checkpoint.json
run::M4_RUNTIME_PPO::regime_throughput::seed11::L2_3,11,L2_3,1,1,3.960745,1.575924,0.913944,214.763,0,13.451742,runtime_ppo,checkpoints/exp/regime_throughput/m4_runtime_ppo/seed11/checkpoint.json
run::M4_RUNTIME_PPO::regime_throughput::seed11::L2_4,11,L2_4,1,1,4.77299,1.895727,1.181396,232.518,0,13.383794,runtime_ppo,checkpoints/exp/regime_throughput/m4_runtime_ppo/seed11/checkpoint.json
run::M4_RUNTIME_PPO::regime_throughput::seed11::L2_5,11,L2_5,1,0,4.597336,1.907942,0.95389,205.402,0,9.060597,runtime_ppo,checkpoints/exp/regime_throughput/m4_runtime_ppo/seed11/checkpoint.json
run::M4_RUNTIME_PPO::regime_throughput::seed11::L2_6,11,L2_6,1,1,4.490602,1.858449,1.058674,225.275,0,13.843885,runtime_ppo,checkpoints/exp/regime_throughput/m4_runtime_ppo/seed11/checkpoint.json
run::M4_RUNTIME_PPO::regime_throughput::seed11::L2_7,11,L2_7,1,0,4.472276,1.619709,1.078031,240.262,0,8.82653,runtime_ppo,checkpoints/exp/regime_throughput/m4_runtime_ppo/seed11/checkpoint.json
run::M4_RUNTIME_PPO::regime_throughput::seed11::L2_8,11,L2_8,1,1,3.782397,1.889998,0.819381,209.768,0,14.567395,runtime_ppo,checkpoints/exp/regime_throughput/m4_runtime_ppo/seed11/checkpoint.json
run::M4_RUNTIME_PPO::regime_throughput::seed11::L2_9,11,L2_9,1,0,6.322545,1.701075,1.335758,212.666,0,9.388191,runtime_ppo,checkpoints/exp/regime_throughput/m4_runtime_ppo/seed11/checkpoint.json
run::M4_RUNTIME_PPO::regime_throughput::seed11::L2_10,11,L2_10,1,1,5.078693,1.689985,1.07021,212.156,0,13.930698,runtime_ppo,checkpoints/exp/regime_throughput/m4_runtime_ppo/seed11/checkpoint.json
run::M4_RUNTIME_PPO::regime_throughput::seed11::L2_11,11,L2_11,1,0,5.793684,1.715213,1.188657,201.941,0,9.263625,runtime_ppo,checkpoints/exp/regime_throughput/m4_runtime_ppo/seed11/checkpoint.json
run::M4_RUNTIME_PPO::regime_throughput::seed11::L2_12,11,L2_12,1,0,6.029407,1.657822,1.345825,215.285,1,7.061333,runtime_ppo,checkpoints/exp/regime_throughput/m4_runtime_ppo/seed11/checkpoint.json
run::M4_RUNTIME_PPO::regime_throughput::seed11::L2_13,11,L2_13,1,1,5.700211,1.958229,1.141944,200.091,0,14.604171,runtime_ppo,checkpoints/exp/regime_throughput/m4_runtime_ppo/seed11/checkpoint.json
run::M4_RUNTIME_PPO::regime_throughput::seed11::L2_14,11,L2_14,1,1,4.568456,1.898527,1.035654,224.883,0,14.31102,runtime_ppo,checkpoints/exp/regime_throughput/m4_runtime_ppo/seed11/checkpoint.json
run::M4_RUNTIME_PPO::regime_throughput::seed11::L2_15,11,L2_15,1,1,5.014751,1.812257,0.951908,187.718,0,13.38759,runtime_ppo,checkpoints/exp/regime_throughput/m4_runtime_ppo/seed11/checkpoint.json
run::M4_RUNTIME_PPO::regime_throughput::seed11::L2_16,11,L2_16,1,1,5.127838,2.040781,1.182282,224.428,0,14.530473,runtime_ppo,checkpoints/exp/regime_throughput/m4_runtime_ppo/seed11/checkpoint.json
run::M4_RUNTIME_PPO::regime_throughput::seed11::L2_17,11,L2_17,0,0,5.636165,1.819167,1.162883,213.486,0,7.324903,runtime_ppo,checkpoints/exp/regime_throughput/m4_runtime_ppo/seed11/checkpoint.json
run::M4_RUNTIME_PPO::regime_throughput::seed11::L2_18,11,L2_18,1,0,6.291896,1.74946,1.19783,195.927,0,8.054315,runtime_ppo,checkpoints/exp/regime_throughput/m4_runtime_ppo/seed11/checkpoint.json
run::M4_RUNTIME_PPO::regime_throughput::seed11::L2_19,11,L2_19,1,1,5.950892,1.483665,1.286493,220.038,0,12.887659,runtime_ppo,checkpoints/exp/regime_throughput/m4_runtime_ppo/seed11/checkpoint.json
run::M4_RUNTIME_PPO::regime_throughput::seed11::L2_20,11,L2_20,1,1,5.711556,1.491091,1.334846,224.288,0,13.114865,runtime_ppo,checkpoints/exp/regime_throughput/m4_runtime_ppo/seed11/checkpoint.json
run::M4_RUNTIME_PPO::regime_throughput::seed11::L3_1,11,L3_1,1,0,10.548797,1.517925,2.622153,237.667,0,7.584002,runtime_ppo,checkpoints/exp/regime_throughput/m4_runtime_ppo/seed11/checkpoint.json
run::M4_RUNTIME_PPO::regime_throughput::seed11::L3_2,11,L3_2,0,0,10.347556,1.805308,2.101842,189.563,0,6.554412,runtime_ppo,checkpoints/exp/regime_throughput/m4_runtime_ppo/seed11/checkpoint.json
run::M4_RUNTIME_PPO::regime_throughput::seed11::L3_3,11,L3_3,1,1,11.455063,1.67958,2.864637,229.346,0,12.452528,runtime_ppo,checkpoints/exp/regime_throughput/m4_runtime_ppo/seed11/checkpoint.json
run::M4_RUNTIME_PPO::regime_throughput::seed11::L3_4,11,L3_4,1,0,12.817454,1.671414,2.934201,239.58,0,6.865281,runtime_ppo,checkpoints/exp/regime_throughput/m4_runtime_ppo/seed11/checkpoint.json
run::M4_RUNTIME_PPO::regime_throughput::seed11::L3_5,11,L3_5,1,0,12.887575,1.674974,2.938134,234.792,0,7.445419,runtime_ppo,checkpoints/exp/regime_throughput/m4_runtime_ppo/seed11/checkpoint.json
run::M4_RUNTIME_PPO::regime_throughput::seed11::L3_6,11,L3_6,1,1,13.579067,1.683876,3.01103,220.722,0,11.249464,runtime_ppo,checkpoints/exp/regime_throughput/m4_runtime_ppo/seed11/checkpoint.json
run::M4_RUNTIME_PPO::regime_throughput::seed11::L3_7,11,L3_7,1,1,14.258933,1.66909,3.366547,234.731,0,11.847755,runtime_ppo,checkpoints/exp/regime_throughput/m4_runtime_ppo/seed11/checkpoint.json
run::M4_RUNTIME_PPO::regime_throughput::seed11::L3_8,11,L3_8,1,1,11.7881,1.65531,2.702223,247.324,0,11.70313,runtime_ppo,checkpoints/exp/regime_throughput/m4_runtime_ppo/seed11/checkpoint.json
run::M4_RUNTIME_PPO::regime_throughput::seed11::L3_9,11,L3_9,1,1,14.177016,1.683194,3.765206,270.963,0,11.140211,runtime_ppo,checkpoints/exp/regime_throughput/m4_runtime_ppo/seed11/checkpoint.json
run::M4_RUNTIME_PPO::regime_throughput::seed11::L3_10,11,L3_10,1,0,16.195397,1.493005,4.291919,254.175,0,5.580107,runtime_ppo,checkpoints/exp/regime_throughput/m4_runtime_ppo/seed11/checkpoint.json
run::M4_RUNTIME_PPO::regime_throughput::seed11::L3_11,11,L3_11,1,0,13.01419,1.665415,2.876244,219.522,0,7.083428,runtime_ppo,checkpoints/exp/regime_throughput/m4_runtime_ppo/seed11/checkpoint.json
run::M4_RUNTIME_PPO::regime_throughput::seed11::L3_12,11,L3_12,1,0,10.888743,1.637895,2.758693,235.01,0,6.641273,runtime_ppo,checkpoints/exp/regime_throughput/m4_runtime_ppo/seed11/checkpoint.json
run::M4_RUNTIME_PPO::regime_throughput::seed11::L3_13,11,L3_13,1,1,12.033693,1.741894,3.414524,285.367,0,11.292534,runtime_ppo,checkpoints/exp/regime_throughput/m4_runtime_ppo/seed11/checkpoint.json
run::M4_RUNTIME_PPO::regime_throughput::seed11::L3_14,11,L3_14,0,0,13.214795,1.711208,3.384809,238.741,0,5.462155,runtime_ppo,checkpoints/exp/regime_throughput/m4_runtime_ppo/seed11/checkpoint.json
run::M4_RUNTIME_PPO::regime_throughput::seed11::L3_15,11,L3_15,1,1,16.39113,1.522367,4.54071,266.137,0,10.862145,runtime_ppo,checkpoints/exp/regime_throughput/m4_runtime_ppo/seed11/checkpoint.json
run::M4_RUNTIME_PPO::regime_throughput::seed11::L3_16,11,L3_16,1,0,18.718124,1.489309,5.447051,263.272,0,4.931179,runtime_ppo,checkpoints/exp/regime_throughput/m4_runtime_ppo/seed11/checkpoint.json
run::M4_RUNTIME_PPO::regime_throughput::seed11::L3_17,11,L3_17,1,0,14.044219,1.795174,3.341632,226.486,0,6.694014,runtime_ppo,checkpoints/exp/regime_throughput/m4_runtime_ppo/seed11/checkpoint.json
run::M4_RUNTIME_PPO::regime_throughput::seed11::L3_18,11,L3_18,1,1,13.757147,1.439133,2.904209,214.731,0,12.122639,runtime_ppo,checkpoints/exp/regime_throughput/m4_runtime_ppo/seed11/checkpoint.json
run::M4_RUNTIME_PPO::regime_throughput::seed11::L3_19,11,L3_19,1,1,14.059486,1.470234,3.180899,221.23,0,11.338227,runtime_ppo,checkpoints/exp/regime_throughput/m4_runtime_ppo/seed11/checkpoint.json
run::M4_RUNTIME_PPO::regime_throughput::seed11::L3_20,11,L3_20,1,0,14.848533,1.691011,3.629898,258.762,0,6.223185,runtime_ppo,checkpoints/exp/regime_throughput/m4_runtime_ppo/seed11/checkpoint.json
run::M4_RUNTIME_PPO::regime_throughput::seed11::L4_1,11,L4_1,1,0,49.435639,1.384381,13.146487,266.904,1,-2.804844,runtime_ppo,checkpoints/exp/regime_throughput/m4_runtime_ppo/seed11/checkpoint.json
run::M4_RUNTIME_PPO::regime_throughput::seed11::L4_2,11,L4_2,1,1,39.822383,1.470161,10.838969,298.438,0,5.525699,runtime_ppo,checkpoints/exp/regime_throughput/m4_runtime_ppo/seed11/checkpoint.json
run::M4_RUNTIME_PPO::regime_throughput::seed11::L4_3,11,L4_3,1,0,45.078299,1.545183,13.050917,292.515,1,-2.189732,runtime_ppo,checkpoints/exp/regime_throughput/m4_runtime_ppo/seed11/checkpoint.json
run::M4_RUNTIME_PPO::regime_throughput::seed11::L4_4,11,L4_4,1,0,47.179077,1.469362,11.752943,268.597,1,-1.999128,runtime_ppo,checkpoints/exp/regime_throughput/m4_runtime_ppo/seed11/checkpoint.json
run::M4_RUNTIME_PPO::regime_throughput::seed11::L4_5,11,L4_5,1,1,38.53641,1.550922,11.875169,284.622,0,5.252489,runtime_ppo,checkpoints/exp/regime_throughput/m4_runtime_ppo/seed11/checkpoint.json
run::M4_RUNTIME_PPO::regime_throughput::seed11::L4_6,11,L4_6,1,1,51.139527,1.488054,13.457196,284.917,1,2.025818,runtime_ppo,checkpoints/exp/regime_throughput/m4_runtime_ppo/seed11/checkpoint.json
run::M4_RUNTIME_PPO::regime_throughput::seed11::L4_7,11,L4_7,1,1,37.617528,1.829468,10.445353,275.534,0,6.292088,runtime_ppo,checkpoints/exp/regime_throughput/m4_runtime_ppo/seed11/checkpoint.json
run::M4_RUNTIME_PPO::regime_throughput::seed11::L4_8,11,L4_8,1,0,52.113272,1.346163,13.589679,272.562,1,-4.183687,runtime_ppo,checkpoints/exp/regime_throughput/m4_runtime_ppo/seed11/checkpoint.json
run::M4_RUNTIME_PPO::regime_throughput::seed11::L4_9,11,L4_9,1,1,34.549987,1.626968,9.296214,262.018,0,7.315946,runtime_ppo,checkpoints/exp/regime_throughput/m4_runtime_ppo/seed11/checkpoint.json
run::M4_RUNTIME_PPO::regime_throughput::seed11::L4_10,11,L4_10,1,1,33.22803,1.318417,10.846754,297.729,0,5.408324,runtime_ppo,checkpoints/exp/regime_throughput/m4_runtime_ppo/seed11/checkpoint.json
run::M4_RUNTIME_PPO::regime_throughput::seed11::L4_11,11,L4_11,1,1,41.436723,1.449255,12.113092,273.291,1,2.929435,runtime_ppo,checkpoints/exp/regime_throughput/m4_runtime_ppo/seed11/checkpoint.json
run::M4_RUNTIME_PPO::regime_throughput::seed11::L4_12,11,L4_12,0,0,49.662078,1.668901,13.956703,291.788,0,-4.168512,runtime_ppo,checkpoints/exp/regime_throughput/m4_runtime_ppo/seed11/checkpoint.json
run::M4_RUNTIME_PPO::regime_throughput::seed11::L4_13,11,L4_13,1,1,44.08249,1.349506,12.467107,274.846,1,2.676703,runtime_ppo,checkpoints/exp/regime_throughput/m4_runtime_ppo/seed11/checkpoint.json
run::M4_RUNTIME_PPO::regime_throughput::seed11::L4_14,11,L4_14,1,0,42.172909,1.81411,12.264132,269.612,1,-1.585958,runtime_ppo,checkpoints/exp/regime_throughput/m4_runtime_ppo/seed11/checkpoint.json
run::M4_RUNTIME_PPO::regime_throughput::seed11::L4_15,11,L4_15,1,0,43.600516,1.544538,13.755551,319.412,1,-2.694036,runtime_ppo,checkpoints/exp/regime_throughput/m4_runtime_ppo/seed11/checkpoint.json
run::M4_RUNTIME_PPO::regime_throughput::seed11::L4_16,11,L4_16,1,0,47.82449,1.477852,10.840548,232.247,1,-1.215884,runtime_ppo,checkpoints/exp/regime_throughput/m4_runtime_ppo/seed11/checkpoint.json
run::M4_RUNTIME_PPO::regime_throughput::seed11::L4_17,11,L4_17,1,1,54.766547,1.658378,15.044895,282.197,1,0.246575,runtime_ppo,checkpoints/exp/regime_throughput/m4_runtime_ppo/seed11/checkpoint.json
run::M4_RUNTIME_PPO::regime_throughput::seed11::L4_18,11,L4_18,1,1,66.226333,1.630996,19.167172,298.413,0,-1.512033,runtime_ppo,checkpoints/exp/regime_throughput/m4_runtime_ppo/seed11/checkpoint.json
run::M4_RUNTIME_PPO::regime_throughput::seed11::L4_19,11,L4_19,1,1,40.460427,1.636582,11.764508,278.358,0,5.010613,runtime_ppo,checkpoints/exp/regime_throughput/m4_runtime_ppo/seed11/checkpoint.json
run::M4_RUNTIME_PPO::regime_throughput::seed11::L4_20,11,L4_20,1,0,53.113641,1.543827,12.144673,240.952,1,-1.262646,runtime_ppo,checkpoints/exp/regime_throughput/m4_runtime_ppo/seed11/checkpoint.json
run::M4_RUNTIME_PPO::regime_throughput::seed22::L1_1,22,L1_1,0,0,1.810219,1.985409,0.369007,201.209,0,8.481721,runtime_ppo,checkpoints/exp/regime_throughput/m4_runtime_ppo/seed22/checkpoint.json
run::M4_RUNTIME_PPO::regime_throughput::seed22::L1_2,22,L1_2,1,1,2.936614,2.034518,0.556064,177.848,0,14.010143,runtime_ppo,checkpoints/exp/regime_throughput/m4_runtime_ppo/seed22/checkpoint.json
run::M4_RUNTIME_PPO::regime_throughput::seed22::L1_3,22,L1_3,1,0,2.297999,1.774841,0.381353,178.3,0,9.732763,runtime_ppo,checkpoints/exp/regime_throughput/m4_runtime_ppo/seed22/checkpoint.json
run::M4_RUNTIME_PPO::regime_throughput::seed22::L1_4,22,L1_4,0,0,2.611162,1.888823,0.408984,161.392,0,8.730016,runtime_ppo,checkpoints/exp/regime_throughput/m4_runtime_ppo/seed22/checkpoint.json
run::M4_RUNTIME_PPO::regime_throughput::seed22::L1_5,22,L1_5,1,1,1.582271,1.891968,0.28412,174.866,0,14.768937,runtime_ppo,checkpoints/exp/regime_throughput/m4_runtime_ppo/seed22/checkpoint.json
run::M4_RUNTIME_PPO::regime_throughput::seed22::L1_6,22,L1_6,1,0,2.511505,2.044139,0.471368,163.036,0,9.507429,runtime_ppo,checkpoints/exp/regime_throughput/m4_runtime_ppo/seed22/checkpoint.json
run::M4_RUNTIME_PPO::regime_throughput::seed22::L1_7,22,L1_7,1,1,2.220271,1.72934,0.388266,168.603,0,14.275145,runtime_ppo,checkpoints/exp/regime_throughput/m4_runtime_ppo/seed22/checkpoint.json
run::M4_RUNTIME_PPO::regime_throughput::seed22::L1_8,22,L1_8,1,1,1.978184,2.164927,0.362022,172.226,0,14.72148,runtime_ppo,checkpoints/exp/regime_throughput/m4_runtime_ppo/seed22/checkpoint.json
run::M4_RUNTIME_PPO::regime_throughput::seed22::L1_9,22,L1_9,1,1,1.944489,1.946946,0.321694,176.551,0,15.270522,runtime_ppo,checkpoints/exp/regime_throughput/m4_runtime_ppo/seed22/checkpoint.json
run::M4_RUNTIME_PPO::regime_throughput::seed22::L1_10,22,L1_10,1,0,2.193406,1.773245,0.374959,177.719,0,9.220657,runtime_ppo,checkpoints/exp/regime_throughput/m4_runtime_ppo/seed22/checkpoint.json
run::M4_RUNTIME_PPO::regime_throughput::seed22::L1_11,22,L1_11,1,0,1.94512,1.859896,0.376842,191.348,0,10.440296,runtime_ppo,checkpoints/exp/regime_throughput/m4_runtime_ppo/seed22/checkpoint.json
run::M4_RUNTIME_PPO::regime_throughput::seed22::L1_12,22,L1_12,1,1,1.320588,2.165542,0.244285,189.023,0,15.291699,runtime_ppo,checkpoints/exp/regime_throughput/m4_runtime_ppo/seed22/checkpoint.json
run::M4_RUNTIME_PPO::regime_throughput::seed22::L1_13,22,L1_13,1,1,2.695142,1.81646,0.427598,154.21,0,15.184752,runtime_ppo,checkpoints/exp/regime_throughput/m4_runtime_ppo/seed22/checkpoint.json
run::M4_RUNTIME_PPO::regime_throughput::seed22::L1_14,22,L1_14,1,0,2.302082,1.604029,0.378783,157.115,0,10.006529,runtime_ppo,checkpoints/exp/regime_throughput/m4_runtime_ppo/seed22/checkpoint.json
run::M4_RUNTIME_PPO::regime_throughput::seed22::L1_15,22,L1_15,1,0,2.678159,2.01251,0.507637,174.446,0,10.258332,runtime_ppo,checkpoints/exp/regime_throughput/m4_runtime_ppo/seed22/checkpoint.json
run::M4_RUNTIME_PPO::regime_throughput::seed22::L1_16,22,L1_16,1,1,2.910644,1.683164,0.543584,181.228,0,14.744657,runtime_ppo,checkpoints/exp/regime_throughput/m4_runtime_ppo/seed22/checkpoint.json
run::M4_RUNTIME_PPO::regime_throughput::seed22::L1_17,22,L1_17,1,0,1.966763,1.937456,0.363676,176.825,0,10.046861,runtime_ppo,checkpoints/exp/regime_throughput/m4_runtime_ppo/seed22/checkpoint.json
run::M4_RUNTIME_PPO::regime_throughput::seed22::L1_18,22,L1_18,1,0,2.785245,1.90554,0.46836,180.804,0,9.709431,runtime_ppo,checkpoints/exp/regime_throughput/m4_runtime_ppo/seed22/checkpoint.json
run::M4_RUNTIME_PPO::regime_throughput::seed22::L1_19,22,L1_19,1,1,1.875641,2.000839,0.29724,145.134,0,14.839544,runtime_ppo,checkpoints/exp/regime_throughput/m4_runtime_ppo/seed22/checkpoint.json
run::M4_RUNTIME_PPO::regime_throughput::seed22::L1_20,22,L1_20,1,1,1.741046,2.101114,0.296266,180.664,0,15.02326,runtime_ppo,checkpoints/exp/regime_throughput/m4_runtime_ppo/seed22/checkpoint.json
run::M4_RUNTIME_PPO::regime_throughput::seed22::L2_1,22,L2_1,0,0,3.552082,1.833482,0.830951,227.03,0,7.983769,runtime_ppo,checkpoints/exp/regime_throughput/m4_runtime_ppo/seed22/checkpoint.json
run::M4_RUNTIME_PPO::regime_throughput::seed22::L2_2,22,L2_2,1,1,4.810725,1.801711,1.097061,214.355,0,13.559285,runtime_ppo,checkpoints/exp/regime_throughput/m4_runtime_ppo/seed22/checkpoint.json
run::M4_RUNTIME_PPO::regime_throughput::seed22::L2_3,22,L2_3,0,0,4.238598,1.84793,0.928819,210.345,0,7.917164,runtime_ppo,checkpoints/exp/regime_throughput/m4_runtime_ppo/seed22/checkpoint.json
run::M4_RUNTIME_PPO::regime_throughput::seed22::L2_4,22,L2_4,0,0,3.746423,1.704935,0.871322,222.567,0,8.212991,runtime_ppo,checkpoints/exp/regime_throughput/m4_runtime_ppo/seed22/checkpoint.json
run::M4_RUNTIME_PPO::regime_throughput::seed22::L2_5,22,L2_5,1,0,4.48089,1.753569,1.035749,222.521,0,9.312275,runtime_ppo,checkpoints/exp/regime_throughput/m4_runtime_ppo/seed22/checkpoint.json
run::M4_RUNTIME_PPO::regime_throughput::seed22::L2_6,22,L2_6,1,1,4.392238,1.913173,0.926214,223.678,0,14.230072,runtime_ppo,checkpoints/exp/regime_throughput/m4_runtime_ppo/seed22/checkpoint.json
run::M4_RUNTIME_PPO::regime_throughput::seed22::L2_7,22,L2_7,1,1,4.311645,1.942943,1.011592,214.462,0,13.825611,runtime_ppo,checkpoints/exp/regime_throughput/m4_runtime_ppo/seed22/checkpoint.json
run::M4_RUNTIME_PPO::regime_throughput::seed22::L2_8,22,L2_8,1,0,4.224915,1.63951,1.059297,256.002,0,8.825137,runtime_ppo,checkpoints/exp/regime_throughput/m4_runtime_ppo/seed22/checkpoint.json
run::M4_RUNTIME_PPO::regime_throughput::seed22::L2_9,22,L2_9,1,1,6.507679,1.984063,1.359455,222.126,0,13.827502,runtime_ppo,checkpoints/exp/regime_throughput/m4_runtime_ppo/seed22/checkpoint.json
run::M4_RUNTIME_PPO::regime_throughput::seed22::L2_10,22,L2_10,1,1,6.112859,1.557554,1.258691,208.82,0,13.74883,runtime_ppo,checkpoints/exp/regime_throughput/m4_runtime_ppo/seed22/checkpoint.json
run::M4_RUNTIME_PPO::regime_throughput::seed22::L2_11,22,L2_11,1,0,5.222967,1.743381,1.00549,201.451,0,9.588532,runtime_ppo,checkpoints/exp/regime_throughput/m4_runtime_ppo/seed22/checkpoint.json
run::M4_RUNTIME_PPO::regime_throughput::seed22::L2_12,22,L2_12,1,1,6.25015,1.642384,1.129479,190.354,0,13.450697,runtime_ppo,checkpoints/exp/regime_throughput/m4_runtime_ppo/seed22/checkpoint.json
run::M4_RUNTIME_PPO::regime_throughput::seed22::L2_13,22,L2_13,1,1,5.718194,1.785377,1.408628,220.441,0,13.444567,runtime_ppo,checkpoints/exp/regime_throughput/m4_runtime_ppo/seed22/checkpoint.json
run::M4_RUNTIME_PPO::regime_throughput::seed22::L2_14,22,L2_14,0,0,4.796667,1.964676,1.040217,211.738,0,7.856398,runtime_ppo,checkpoints/exp/regime_throughput/m4_runtime_ppo/seed22/checkpoint.json
run::M4_RUNTIME_PPO::regime_throughput::seed22::L2_15,22,L2_15,1,1,5.678267,1.55908,1.16859,210.12,0,13.372977,runtime_ppo,checkpoints/exp/regime_throughput/m4_runtime_ppo/seed22/checkpoint.json
run::M4_RUNTIME_PPO::regime_throughput::seed22::L2_16,22,L2_16,1,0,6.159469,1.673216,1.163032,201.482,0,8.786546,runtime_ppo,checkpoints/exp/regime_throughput/m4_runtime_ppo/seed22/checkpoint.json
run::M4_RUNTIME_PPO::regime_throughput::seed22::L2_17,22,L2_17,1,0,4.851148,2.001393,1.015971,209.618,0,9.911374,runtime_ppo,checkpoints/exp/regime_throughput/m4_runtime_ppo/seed22/checkpoint.json
run::M4_RUNTIME_PPO::regime_throughput::seed22::L2_18,22,L2_18,0,0,6.281698,1.727408,1.36634,216.436,0,8.071598,runtime_ppo,checkpoints/exp/regime_throughput/m4_runtime_ppo/seed22/checkpoint.json
run::M4_RUNTIME_PPO::regime_throughput::seed22::L2_19,22,L2_19,1,1,5.622451,1.844134,1.155488,209.165,0,14.203677,runtime_ppo,checkpoints/exp/regime_throughput/m4_runtime_ppo/seed22/checkpoint.json
run::M4_RUNTIME_PPO::regime_throughput::seed22::L2_20,22,L2_20,1,0,5.290436,2.017753,0.937863,190.318,0,9.642542,runtime_ppo,checkpoints/exp/regime_throughput/m4_runtime_ppo/seed22/checkpoint.json
run::M4_RUNTIME_PPO::regime_throughput::seed22::L3_1,22,L3_1,1,1,9.925688,1.729801,2.506903,258.415,0,12.514771,runtime_ppo,checkpoints/exp/regime_throughput/m4_runtime_ppo/seed22/checkpoint.json
run::M4_RUNTIME_PPO::regime_throughput::seed22::L3_2,22,L3_2,1,1,13.340803,1.677652,3.422852,240.116,0,11.487074,runtime_ppo,checkpoints/exp/regime_throughput/m4_runtime_ppo/seed22/checkpoint.json
run::M4_RUNTIME_PPO::regime_throughput::seed22::L3_3,22,L3_3,1,1,10.769206,1.650195,2.683149,250.752,0,12.638864,runtime_ppo,checkpoints/exp/regime_throughput/m4_runtime_ppo/seed22/checkpoint.json
run::M4_RUNTIME_PPO::regime_throughput::seed22::L3_4,22,L3_4,0,0,10.606477,1.602302,2.917805,255.996,0,5.897784,runtime_ppo,checkpoints/exp/regime_throughput/m4_runtime_ppo/seed22/checkpoint.json
run::M4_RUNTIME_PPO::regime_throughput::seed22::L3_5,22,L3_5,1,0,13.48622,1.863356,3.052313,233.107,0,7.492725,runtime_ppo,checkpoints/exp/regime_throughput/m4_runtime_ppo/seed22/checkpoint.json
run::M4_RUNTIME_PPO::regime_throughput::seed22::L3_6,22,L3_6,1,0,11.494337,1.686756,2.877519,244.895,0,7.040176,runtime_ppo,checkpoints/exp/regime_throughput/m4_runtime_ppo/seed22/checkpoint.json
run::M4_RUNTIME_PPO::regime_throughput::seed22::L3_7,22,L3_7,1,1,12.321882,1.550583,3.308437,253.489,0,11.059293,runtime_ppo,checkpoints/exp/regime_throughput/m4_runtime_ppo/seed22/checkpoint.json
run::M4_RUNTIME_PPO::regime_throughput::seed22::L3_8,22,L3_8,1,1,10.574769,1.726612,2.854548,254.12,0,11.743184,runtime_ppo,checkpoints/exp/regime_throughput/m4_runtime_ppo/seed22/checkpoint.json
run::M4_RUNTIME_PPO::regime_throughput::seed22::L3_9,22,L3_9,1,1,15.299294,1.401658,4.048984,250.759,0,11.090819,runtime_ppo,checkpoints/exp/regime_throughput/m4_runtime_ppo/seed22/checkpoint.json
run::M4_RUNTIME_PPO::regime_throughput::seed22::L3_10,22,L3_10,1,1,14.323298,1.639222,3.684657,245.978,0,11.182433,runtime_ppo,checkpoints/exp/regime_throughput/m4_runtime_ppo/seed22/checkpoint.json
run::M4_RUNTIME_PPO::regime_throughput::seed22::L3_11,22,L3_11,1,1,11.587444,1.672416,2.818492,238.793,0,12.603397,runtime_ppo,checkpoints/exp/regime_throughput/m4_runtime_ppo/seed22/checkpoint.json
run::M4_RUNTIME_PPO::regime_throughput::seed22::L3_12,22,L3_12,1,1,12.81776,1.514666,2.796826,222.237,0,12.600911,runtime_ppo,checkpoints/exp/regime_throughput/m4_runtime_ppo/seed22/checkpoint.json
run::M4_RUNTIME_PPO::regime_throughput::seed22::L3_13,22,L3_13,1,1,11.599473,1.708768,3.280938,271.775,0,11.541758,runtime_ppo,checkpoints/exp/regime_throughput/m4_runtime_ppo/seed22/checkpoint.json
run::M4_RUNTIME_PPO::regime_throughput::seed22::L3_14,22,L3_14,1,0,14.759385,1.68744,3.053194,207.907,0,7.454804,runtime_ppo,checkpoints/exp/regime_throughput/m4_runtime_ppo/seed22/checkpoint.json
run::M4_RUNTIME_PPO::regime_throughput::seed22::L3_15,22,L3_15,1,1,15.289683,1.662673,3.370211,228.515,0,12.022269,runtime_ppo,checkpoints/exp/regime_throughput/m4_runtime_ppo/seed22/checkpoint.json
run::M4_RUNTIME_PPO::regime_throughput::seed22::L3_16,22,L3_16,0,0,17.496218,1.67546,3.679059,216.712,0,6.579623,runtime_ppo,checkpoints/exp/regime_throughput/m4_runtime_ppo/seed22/checkpoint.json
run::M4_RUNTIME_PPO::regime_throughput::seed22::L3_17,22,L3_17,1,1,18.452769,1.547829,4.398082,245.757,0,10.15294,runtime_ppo,checkpoints/exp/regime_throughput/m4_runtime_ppo/seed22/checkpoint.json
run::M4_RUNTIME_PPO::regime_throughput::seed22::L3_18,22,L3_18,1,1,15.632054,1.719802,3.895943,242.011,0,12.23984,runtime_ppo,checkpoints/exp/regime_throughput/m4_runtime_ppo/seed22/checkpoint.json
run::M4_RUNTIME_PPO::regime_throughput::seed22::L3_19,22,L3_19,1,0,13.9044,1.790574,2.89613,213.012,0,7.934481,runtime_ppo,checkpoints/exp/regime_throughput/m4_runtime_ppo/seed22/checkpoint.json
run::M4_RUNTIME_PPO::regime_throughput::seed22::L3_20,22,L3_20,1,0,16.430193,1.658356,3.649131,224.428,0,6.813145,runtime_ppo,checkpoints/exp/regime_throughput/m4_runtime_ppo/seed22/checkpoint.json
run::M4_RUNTIME_PPO::regime_throughput::seed22::L4_1,22,L4_1,1,0,49.695946,1.410127,16.235649,308.185,1,-4.975967,runtime_ppo,checkpoints/exp/regime_throughput/m4_runtime_ppo/seed22/checkpoint.json
run::M4_RUNTIME_PPO::regime_throughput::seed22::L4_2,22,L4_2,1,1,30.602528,1.68894,8.42545,265.402,0,7.838351,runtime_ppo,checkpoints/exp/regime_throughput/m4_runtime_ppo/seed22/checkpoint.json
run::M4_RUNTIME_PPO::regime_throughput::seed22::L4_3,22,L4_3,1,0,40.01296,1.488625,11.913641,295.017,0,-0.026263,runtime_ppo,checkpoints/exp/regime_throughput/m4_runtime_ppo/seed22/checkpoint.json
run::M4_RUNTIME_PPO::regime_throughput::seed22::L4_4,22,L4_4,1,0,38.602646,1.614908,11.885256,308.08,0,-0.789302,runtime_ppo,checkpoints/exp/regime_throughput/m4_runtime_ppo/seed22/checkpoint.json
run::M4_RUNTIME_PPO::regime_throughput::seed22::L4_5,22,L4_5,1,1,37.451992,1.577784,10.739413,283.632,0,5.76313,runtime_ppo,checkpoints/exp/regime_throughput/m4_runtime_ppo/seed22/checkpoint.json
run::M4_RUNTIME_PPO::regime_throughput::seed22::L4_6,22,L4_6,1,0,31.01603,1.657184,9.181223,274.325,0,2.237687,runtime_ppo,checkpoints/exp/regime_throughput/m4_runtime_ppo/seed22/checkpoint.json
run::M4_RUNTIME_PPO::regime_throughput::seed22::L4_7,22,L4_7,1,1,38.408361,1.427374,10.671037,261.928,0,5.444643,runtime_ppo,checkpoints/exp/regime_throughput/m4_runtime_ppo/seed22/checkpoint.json
run::M4_RUNTIME_PPO::regime_throughput::seed22::L4_8,22,L4_8,1,1,42.659503,1.535921,12.84932,299.034,1,2.713114,runtime_ppo,checkpoints/exp/regime_throughput/m4_runtime_ppo/seed22/checkpoint.json
run::M4_RUNTIME_PPO::regime_throughput::seed22::L4_9,22,L4_9,1,1,39.936461,1.481407,11.444402,289.565,0,4.898612,runtime_ppo,checkpoints/exp/regime_throughput/m4_runtime_ppo/seed22/checkpoint.json
run::M4_RUNTIME_PPO::regime_throughput::seed22::L4_10,22,L4_10,0,0,42.753477,1.64572,11.007588,262.08,1,-1.722267,runtime_ppo,checkpoints/exp/regime_throughput/m4_runtime_ppo/seed22/checkpoint.json
run::M4_RUNTIME_PPO::regime_throughput::seed22::L4_11,22,L4_11,0,0,47.022367,1.436335,11.609834,263.215,1,-2.015424,runtime_ppo,checkpoints/exp/regime_throughput/m4_runtime_ppo/seed22/checkpoint.json
run::M4_RUNTIME_PPO::regime_throughput::seed22::L4_12,22,L4_12,1,0,50.834733,1.343525,13.335215,269.668,1,-2.714672,runtime_ppo,checkpoints/exp/regime_throughput/m4_runtime_ppo/seed22/checkpoint.json
run::M4_RUNTIME_PPO::regime_throughput::seed22::L4_13,22,L4_13,1,0,39.822099,1.581681,11.795226,297.377,0,-0.219555,runtime_ppo,checkpoints/exp/regime_throughput/m4_runtime_ppo/seed22/checkpoint.json
run::M4_RUNTIME_PPO::regime_throughput::seed22::L4_14,22,L4_14,1,1,48.746855,1.525221,12.016929,266.411,1,3.836487,runtime_ppo,checkpoints/exp/regime_throughput/m4_runtime_ppo/seed22/checkpoint.json
run::M4_RUNTIME_PPO::regime_throughput::seed22::L4_15,22,L4_15,1,1,39.897861,1.172746,9.989755,267.567,0,5.661324,runtime_ppo,checkpoints/exp/regime_throughput/m4_runtime_ppo/seed22/checkpoint.json
run::M4_RUNTIME_PPO::regime_throughput::seed22::L4_16,22,L4_16,1,1,41.304723,1.572507,11.199484,273.365,0,5.218691,runtime_ppo,checkpoints/exp/regime_throughput/m4_runtime_ppo/seed22/checkpoint.json
run::M4_RUNTIME_PPO::regime_throughput::seed22::L4_17,22,L4_17,1,1,44.761073,1.500985,13.99804,299.747,1,0.327937,runtime_ppo,checkpoints/exp/regime_throughput/m4_runtime_ppo/seed22/checkpoint.json
run::M4_RUNTIME_PPO::regime_throughput::seed22::L4_18,22,L4_18,1,1,62.963404,1.659049,18.877774,298.055,1,-2.291588,runtime_ppo,checkpoints/exp/regime_throughput/m4_runtime_ppo/seed22/checkpoint.json
run::M4_RUNTIME_PPO::regime_throughput::seed22::L4_19,22,L4_19,1,1,35.973934,1.469026,10.080914,306.275,0,5.763415,runtime_ppo,checkpoints/exp/regime_throughput/m4_runtime_ppo/seed22/checkpoint.json
run::M4_RUNTIME_PPO::regime_throughput::seed22::L4_20,22,L4_20,1,1,47.613339,1.551886,14.27099,288.924,1,1.345403,runtime_ppo,checkpoints/exp/regime_throughput/m4_runtime_ppo/seed22/checkpoint.json
run::M4_RUNTIME_PPO::regime_throughput::seed33::L1_1,33,L1_1,1,0,2.179995,2.035064,0.348692,165.021,0,9.280023,runtime_ppo,checkpoints/exp/regime_throughput/m4_runtime_ppo/seed33/checkpoint.json
run::M4_RUNTIME_PPO::regime_throughput::seed33::L1_2,33,L1_2,1,1,2.477675,2.205992,0.501499,191.698,0,15.285088,runtime_ppo,checkpoints/exp/regime_throughput/m4_runtime_ppo/seed33/checkpoint.json
run::M4_RUNTIME_PPO::regime_throughput::seed33::L1_3,33,L1_3,1,0,2.361561,1.857977,0.455927,199.486,0,9.320318,runtime_ppo,checkpoints/exp/regime_throughput/m4_runtime_ppo/seed33/checkpoint.json
run::M4_RUNTIME_PPO::regime_throughput::seed33::L1_4,33,L1_4,1,1,2.601571,1.874208,0.465214,180.836,0,15.29219,runtime_ppo,checkpoints/exp/regime_throughput/m4_runtime_ppo/seed33/checkpoint.json
run::M4_RUNTIME_PPO::regime_throughput::seed33::L1_5,33,L1_5,1,1,1.541733,2.036085,0.254251,174.2,0,14.923195,runtime_ppo,checkpoints/exp/regime_throughput/m4_runtime_ppo/seed33/checkpoint.json
run::M4_RUNTIME_PPO::regime_throughput::seed33::L1_6,33,L1_6,0,0,2.012757,2.036655,0.3575,180.178,0,9.166031,runtime_ppo,checkpoints/exp/regime_throughput/m4_runtime_ppo/seed33/checkpoint.json
run::M4_RUNTIME_PPO::regime_throughput::seed33::L1_7,33,L1_7,1,1,1.601313,1.8864,0.264268,168.321,0,14.959724,runtime_ppo,checkpoints/exp/regime_throughput/m4_runtime_ppo/seed33/checkpoint.json
run::M4_RUNTIME_PPO::regime_throughput::seed33::L1_8,33,L1_8,1,0,1.897098,1.92788,0.349907,176.639,0,10.028384,runtime_ppo,checkpoints/exp/regime_throughput/m4_runtime_ppo/seed33/checkpoint.json
run::M4_RUNTIME_PPO::regime_throughput::seed33::L1_9,33,L1_9,1,0,1.767211,1.890116,0.293345,171.075,0,9.914805,runtime_ppo,checkpoints/exp/regime_throughput/m4_runtime_ppo/seed33/checkpoint.json
run::M4_RUNTIME_PPO::regime_throughput::seed33::L1_10,33,L1_10,1,0,2.218266,1.826385,0.385749,175.985,0,9.259446,runtime_ppo,checkpoints/exp/regime_throughput/m4_runtime_ppo/seed33/checkpoint.json
run::M4_RUNTIME_PPO::regime_throughput::seed33::L1_11,33,L1_11,0,0,1.946118,1.938319,0.312358,176.714,0,8.82756,runtime_ppo,checkpoints/exp/regime_throughput/m4_runtime_ppo/seed33/checkpoint.json
run::M4_RUNTIME_PPO::regime_throughput::seed33::L1_12,33,L1_12,1,1,1.470081,2.091614,0.248914,164.225,0,14.938018,runtime_ppo,checkpoints/exp/regime_throughput/m4_runtime_ppo/seed33/checkpoint.json
run::M4_RUNTIME_PPO::regime_throughput::seed33::L1_13,33,L1_13,1,1,2.375597,1.894736,0.347857,162.101,0,14.669344,runtime_ppo,checkpoints/exp/regime_throughput/m4_runtime_ppo/seed33/checkpoint.json
run::M4_RUNTIME_PPO::regime_throughput::seed33::L1_14,33,L1_14,1,1,2.469673,1.76382,0.527231,203.825,0,14.772723,runtime_ppo,checkpoints/exp/regime_throughput/m4_runtime_ppo/seed33/checkpoint.json
run::M4_RUNTIME_PPO::regime_throughput::seed33::L1_15,33,L1_15,1,1,2.254667,1.769253,0.435466,185.529,0,14.861341,runtime_ppo,checkpoints/exp/regime_throughput/m4_runtime_ppo/seed33/checkpoint.json
run::M4_RUNTIME_PPO::regime_throughput::seed33::L1_16,33,L1_16,1,1,1.984967,1.844301,0.36328,188.854,0,14.945574,runtime_ppo,checkpoints/exp/regime_throughput/m4_runtime_ppo/seed33/checkpoint.json
run::M4_RUNTIME_PPO::regime_throughput::seed33::L1_17,33,L1_17,1,1,2.630975,1.986021,0.473107,181.434,0,14.296851,runtime_ppo,checkpoints/exp/regime_throughput/m4_runtime_ppo/seed33/checkpoint.json
run::M4_RUNTIME_PPO::regime_throughput::seed33::L1_18,33,L1_18,1,1,2.776466,1.769046,0.466447,170.018,0,14.887797,runtime_ppo,checkpoints/exp/regime_throughput/m4_runtime_ppo/seed33/checkpoint.json
run::M4_RUNTIME_PPO::regime_throughput::seed33::L1_19,33,L1_19,1,0,1.841007,2.119749,0.265064,160.435,0,10.930855,runtime_ppo,checkpoints/exp/regime_throughput/m4_runtime_ppo/seed33/checkpoint.json
run::M4_RUNTIME_PPO::regime_throughput::seed33::L1_20,33,L1_20,1,1,1.916636,2.019143,0.302309,154.58,0,14.244735,runtime_ppo,checkpoints/exp/regime_throughput/m4_runtime_ppo/seed33/checkpoint.json
run::M4_RUNTIME_PPO::regime_throughput::seed33::L2_1,33,L2_1,1,0,4.135734,1.724028,0.756817,184.068,0,9.872594,runtime_ppo,checkpoints/exp/regime_throughput/m4_runtime_ppo/seed33/checkpoint.json
run::M4_RUNTIME_PPO::regime_throughput::seed33::L2_2,33,L2_2,0,0,3.35677,1.867453,0.745418,214.131,0,8.355104,runtime_ppo,checkpoints/exp/regime_throughput/m4_runtime_ppo/seed33/checkpoint.json
run::M4_RUNTIME_PPO::regime_throughput::seed33::L2_3,33,L2_3,1,1,4.286738,1.742517,0.75954,180.322,0,14.002055,runtime_ppo,checkpoints/exp/regime_throughput/m4_runtime_ppo/seed33/checkpoint.json
run::M4_RUNTIME_PPO::regime_throughput::seed33::L2_4,33,L2_4,1,1,4.478646,1.960212,0.926453,207.095,0,13.682804,runtime_ppo,checkpoints/exp/regime_throughput/m4_runtime_ppo/seed33/checkpoint.json
run::M4_RUNTIME_PPO::regime_throughput::seed33::L2_5,33,L2_5,1,0,3.879517,1.669499,0.843273,201.356,0,9.158963,runtime_ppo,checkpoints/exp/regime_throughput/m4_runtime_ppo/seed33/checkpoint.json
run::M4_RUNTIME_PPO::regime_throughput::seed33::L2_6,33,L2_6,1,1,4.08703,1.905507,0.886853,215.698,0,13.771256,runtime_ppo,checkpoints/exp/regime_throughput/m4_runtime_ppo/seed33/checkpoint.json
run::M4_RUNTIME_PPO::regime_throughput::seed33::L2_7,33,L2_7,1,1,4.845429,1.836432,0.889365,210.427,0,14.454773,runtime_ppo,checkpoints/exp/regime_throughput/m4_runtime_ppo/seed33/checkpoint.json
run::M4_RUNTIME_PPO::regime_throughput::seed33::L2_8,33,L2_8,1,1,4.670571,1.644084,0.981999,216.359,0,13.956839,runtime_ppo,checkpoints/exp/regime_throughput/m4_runtime_ppo/seed33/checkpoint.json
run::M4_RUNTIME_PPO::regime_throughput::seed33::L2_9,33,L2_9,1,1,5.79466,2.010727,1.235524,213.911,0,14.083761,runtime_ppo,checkpoints/exp/regime_throughput/m4_runtime_ppo/seed33/checkpoint.json
run::M4_RUNTIME_PPO::regime_throughput::seed33::L2_10,33,L2_10,1,0,4.933119,1.886761,1.053351,228.867,0,9.483432,runtime_ppo,checkpoints/exp/regime_throughput/m4_runtime_ppo/seed33/checkpoint.json
run::M4_RUNTIME_PPO::regime_throughput::seed33::L2_11,33,L2_11,1,1,5.5924,2.083406,1.079961,197.249,0,14.353722,runtime_ppo,checkpoints/exp/regime_throughput/m4_runtime_ppo/seed33/checkpoint.json
run::M4_RUNTIME_PPO::regime_throughput::seed33::L2_12,33,L2_12,1,0,7.296994,1.801097,1.695101,218.733,0,8.450563,runtime_ppo,checkpoints/exp/regime_throughput/m4_runtime_ppo/seed33/checkpoint.json
run::M4_RUNTIME_PPO::regime_throughput::seed33::L2_13,33,L2_13,1,0,6.247728,1.624147,1.222617,207.973,0,8.433473,runtime_ppo,checkpoints/exp/regime_throughput/m4_runtime_ppo/seed33/checkpoint.json
run::M4_RUNTIME_PPO::regime_throughput::seed33::L2_14,33,L2_14,1,0,5.090709,1.863016,0.977344,185.054,0,9.456205,runtime_ppo,checkpoints/exp/regime_throughput/m4_runtime_ppo/seed33/checkpoint.json
run::M4_RUNTIME_PPO::regime_throughput::seed33::L2_15,33,L2_15,1,1,5.007357,1.678512,0.939416,191.295,0,14.181718,runtime_ppo,checkpoints/exp/regime_throughput/m4_runtime_ppo/seed33/checkpoint.json
run::M4_RUNTIME_PPO::regime_throughput::seed33::L2_16,33,L2_16,1,1,4.350974,1.754783,0.848628,200.368,0,14.129221,runtime_ppo,checkpoints/exp/regime_throughput/m4_runtime_ppo/seed33/checkpoint.json
run::M4_RUNTIME_PPO::regime_throughput::seed33::L2_17,33,L2_17,1,0,4.648543,1.540868,0.917439,211.218,0,8.993095,runtime_ppo,checkpoints/exp/regime_throughput/m4_runtime_ppo/seed33/checkpoint.json
run::M4_RUNTIME_PPO::regime_throughput::seed33::L2_18,33,L2_18,1,1,6.494638,1.848772,1.54822,214.146,0,13.292277,runtime_ppo,checkpoints/exp/regime_throughput/m4_runtime_ppo/seed33/checkpoint.json
run::M4_RUNTIME_PPO::regime_throughput::seed33::L2_19,33,L2_19,1,0,6.097019,1.653218,1.33865,210.506,0,9.00095,runtime_ppo,checkpoints/exp/regime_throughput/m4_runtime_ppo/seed33/checkpoint.json
run::M4_RUNTIME_PPO::regime_throughput::seed33::L2_20,33,L2_20,1,1,5.031211,1.94218,1.254083,221.389,0,13.797241,runtime_ppo,checkpoints/exp/regime_throughput/m4_runtime_ppo/seed33/checkpoint.json
run::M4_RUNTIME_PPO::regime_throughput::seed33::L3_1,33,L3_1,0,0,11.489601,1.823906,2.925218,261.834,0,6.280347,runtime_ppo,checkpoints/exp/regime_throughput/m4_runtime_ppo/seed33/checkpoint.json
run::M4_RUNTIME_PPO::regime_throughput::seed33::L3_2,33,L3_2,0,0,11.308154,1.697327,2.810934,239.119,0,6.728298,runtime_ppo,checkpoints/exp/regime_throughput/m4_runtime_ppo/seed33/checkpoint.json
run::M4_RUNTIME_PPO::regime_throughput::seed33::L3_3,33,L3_3,1,1,10.909021,1.72145,2.789942,253.312,0,12.719224,runtime_ppo,checkpoints/exp/regime_throughput/m4_runtime_ppo/seed33/checkpoint.json
run::M4_RUNTIME_PPO::regime_throughput::seed33::L3_4,33,L3_4,1,0,8.944619,1.691864,2.237733,245.008,0,8.135379,runtime_ppo,checkpoints/exp/regime_throughput/m4_runtime_ppo/seed33/checkpoint.json
run::M4_RUNTIME_PPO::regime_throughput::seed33::L3_5,33,L3_5,1,1,11.932574,1.599505,2.935842,237.448,0,13.127652,runtime_ppo,checkpoints/exp/regime_throughput/m4_runtime_ppo/seed33/checkpoint.json
run::M4_RUNTIME_PPO::regime_throughput::seed33::L3_6,33,L3_6,1,0,13.777915,1.697741,2.977691,217.243,0,7.370616,runtime_ppo,checkpoints/exp/regime_throughput/m4_runtime_ppo/seed33/checkpoint.json
run::M4_RUNTIME_PPO::regime_throughput::seed33::L3_7,33,L3_7,1,1,14.856287,1.558604,3.693317,231.632,0,10.923397,runtime_ppo,checkpoints/exp/regime_throughput/m4_runtime_ppo/seed33/checkpoint.json
run::M4_RUNTIME_PPO::regime_throughput::seed33::L3_8,33,L3_8,1,1,11.609525,1.721516,2.387289,218.459,0,13.143117,runtime_ppo,checkpoints/exp/regime_throughput/m4_runtime_ppo/seed33/checkpoint.json
run::M4_RUNTIME_PPO::regime_throughput::seed33::L3_9,33,L3_9,1,0,14.843105,1.599428,3.071146,214.815,0,7.46179,runtime_ppo,checkpoints/exp/regime_throughput/m4_runtime_ppo/seed33/checkpoint.json
run::M4_RUNTIME_PPO::regime_throughput::seed33::L3_10,33,L3_10,1,0,14.727936,1.546846,3.405788,249.781,0,6.907311,runtime_ppo,checkpoints/exp/regime_throughput/m4_runtime_ppo/seed33/checkpoint.json
run::M4_RUNTIME_PPO::regime_throughput::seed33::L3_11,33,L3_11,1,0,13.43624,1.67307,3.22524,233.617,0,7.517743,runtime_ppo,checkpoints/exp/regime_throughput/m4_runtime_ppo/seed33/checkpoint.json
run::M4_RUNTIME_PPO::regime_throughput::seed33::L3_12,33,L3_12,1,0,12.576256,1.508063,3.102241,255.099,0,7.370434,runtime_ppo,checkpoints/exp/regime_throughput/m4_runtime_ppo/seed33/checkpoint.json
run::M4_RUNTIME_PPO::regime_throughput::seed33::L3_13,33,L3_13,1,0,11.875053,1.735338,3.117395,240.76,0,8.240204,runtime_ppo,checkpoints/exp/regime_throughput/m4_runtime_ppo/seed33/checkpoint.json
run::M4_RUNTIME_PPO::regime_throughput::seed33::L3_14,33,L3_14,0,0,11.356919,1.653537,2.61323,230.437,0,6.745319,runtime_ppo,checkpoints/exp/regime_throughput/m4_runtime_ppo/seed33/checkpoint.json
run::M4_RUNTIME_PPO::regime_throughput::seed33::L3_15,33,L3_15,0,0,16.4741,1.54573,4.4147,256.022,0,5.053568,runtime_ppo,checkpoints/exp/regime_throughput/m4_runtime_ppo/seed33/checkpoint.json
run::M4_RUNTIME_PPO::regime_throughput::seed33::L3_16,33,L3_16,1,1,19.539262,1.855319,5.106677,265.364,0,11.125392,runtime_ppo,checkpoints/exp/regime_throughput/m4_runtime_ppo/seed33/checkpoint.json
run::M4_RUNTIME_PPO::regime_throughput::seed33::L3_17,33,L3_17,1,1,14.250648,1.623247,3.601475,233.644,1,10.101945,runtime_ppo,checkpoints/exp/regime_throughput/m4_runtime_ppo/seed33/checkpoint.json
run::M4_RUNTIME_PPO::regime_throughput::seed33::L3_18,33,L3_18,1,0,13.518648,1.441317,2.824368,222.24,0,7.324726,runtime_ppo,checkpoints/exp/regime_throughput/m4_runtime_ppo/seed33/checkpoint.json
run::M4_RUNTIME_PPO::regime_throughput::seed33::L3_19,33,L3_19,1,1,16.215784,1.574793,4.280867,264.291,0,11.20775,runtime_ppo,checkpoints/exp/regime_throughput/m4_runtime_ppo/seed33/checkpoint.json
run::M4_RUNTIME_PPO::regime_throughput::seed33::L3_20,33,L3_20,1,1,13.70023,1.709886,3.479725,259.554,0,11.886557,runtime_ppo,checkpoints/exp/regime_throughput/m4_runtime_ppo/seed33/checkpoint.json
run::M4_RUNTIME_PPO::regime_throughput::seed33::L4_1,33,L4_1,0,0,42.889941,1.409985,10.724157,264.88,1,-1.353265,runtime_ppo,checkpoints/exp/regime_throughput/m4_runtime_ppo/seed33/checkpoint.json
run::M4_RUNTIME_PPO::regime_throughput::seed33::L4_2,33,L4_2,0,0,30.679117,1.423313,8.943048,283.252,0,1.258399,runtime_ppo,checkpoints/exp/regime_throughput/m4_runtime_ppo/seed33/checkpoint.json
run::M4_RUNTIME_PPO::regime_throughput::seed33::L4_3,33,L4_3,1,1,39.81888,1.52611,10.35942,271.539,0,6.739844,runtime_ppo,checkpoints/exp/regime_throughput/m4_runtime_ppo/seed33/checkpoint.json
run::M4_RUNTIME_PPO::regime_throughput::seed33::L4_4,33,L4_4,1,1,43.069169,1.69719,9.811396,238.253,1,5.782097,runtime_ppo,checkpoints/exp/regime_throughput/m4_runtime_ppo/seed33/checkpoint.json
run::M4_RUNTIME_PPO::regime_throughput::seed33::L4_5,33,L4_5,1,1,42.299951,1.622516,12.431846,273.915,1,3.272052,runtime_ppo,checkpoints/exp/regime_throughput/m4_runtime_ppo/seed33/checkpoint.json
run::M4_RUNTIME_PPO::regime_throughput::seed33::L4_6,33,L4_6,1,0,35.078819,1.527744,10.870341,295.385,0,0.245135,runtime_ppo,checkpoints/exp/regime_throughput/m4_runtime_ppo/seed33/checkpoint.json
run::M4_RUNTIME_PPO::regime_throughput::seed33::L4_7,33,L4_7,1,1,36.289062,1.366426,10.747775,298.571,0,5.837811,runtime_ppo,checkpoints/exp/regime_throughput/m4_runtime_ppo/seed33/checkpoint.json
run::M4_RUNTIME_PPO::regime_throughput::seed33::L4_8,33,L4_8,1,0,44.249868,1.481068,13.491525,304.391,1,-2.78094,runtime_ppo,checkpoints/exp/regime_throughput/m4_runtime_ppo/seed33/checkpoint.json
run::M4_RUNTIME_PPO::regime_throughput::seed33::L4_9,33,L4_9,1,0,31.169697,1.300084,9.173487,296.653,0,2.107968,runtime_ppo,checkpoints/exp/regime_throughput/m4_runtime_ppo/seed33/checkpoint.json
run::M4_RUNTIME_PPO::regime_throughput::seed33::L4_10,33,L4_10,1,1,39.305751,1.489763,11.816383,274.799,0,4.435604,runtime_ppo,checkpoints/exp/regime_throughput/m4_runtime_ppo/seed33/checkpoint.json
run::M4_RUNTIME_PPO::regime_throughput::seed33::L4_11,33,L4_11,1,1,50.651598,1.669889,12.072126,261.052,1,3.815304,runtime_ppo,checkpoints/exp/regime_throughput/m4_runtime_ppo/seed33/checkpoint.json
run::M4_RUNTIME_PPO::regime_throughput::seed33::L4_12,33,L4_12,1,0,43.62095,1.500408,11.612336,286.611,1,-1.306956,runtime_ppo,checkpoints/exp/regime_throughput/m4_runtime_ppo/seed33/checkpoint.json
run::M4_RUNTIME_PPO::regime_throughput::seed33::L4_13,33,L4_13,0,0,41.862967,1.433407,12.845923,306.283,0,-2.203659,runtime_ppo,checkpoints/exp/regime_throughput/m4_runtime_ppo/seed33/checkpoint.json
run::M4_RUNTIME_PPO::regime_throughput::seed33::L4_14,33,L4_14,1,1,53.063252,1.534717,14.480604,257.46,1,1.533036,runtime_ppo,checkpoints/exp/regime_throughput/m4_runtime_ppo/seed33/checkpoint.json
run::M4_RUNTIME_PPO::regime_throughput::seed33::L4_15,33,L4_15,1,0,35.648583,1.296912,9.309259,254.99,0,1.664715,runtime_ppo,checkpoints/exp/regime_throughput/m4_runtime_ppo/seed33/checkpoint.json
run::M4_RUNTIME_PPO::regime_throughput::seed33::L4_16,33,L4_16,1,1,43.683856,1.475044,12.572782,277.752,0,3.848067,runtime_ppo,checkpoints/exp/regime_throughput/m4_runtime_ppo/seed33/checkpoint.json
run::M4_RUNTIME_PPO::regime_throughput::seed33::L4_17,33,L4_17,1,1,44.005453,1.633913,11.868312,278.658,1,4.29549,runtime_ppo,checkpoints/exp/regime_throughput/m4_runtime_ppo/seed33/checkpoint.json
run::M4_RUNTIME_PPO::regime_throughput::seed33::L4_18,33,L4_18,0,0,65.774324,1.621647,20.082508,308.771,1,-9.125197,runtime_ppo,checkpoints/exp/regime_throughput/m4_runtime_ppo/seed33/checkpoint.json
run::M4_RUNTIME_PPO::regime_throughput::seed33::L4_19,33,L4_19,1,1,47.081134,1.476155,11.319244,246.257,1,3.475315,runtime_ppo,checkpoints/exp/regime_throughput/m4_runtime_ppo/seed33/checkpoint.json
run::M4_RUNTIME_PPO::regime_throughput::seed33::L4_20,33,L4_20,1,1,48.534203,1.496581,11.939714,244.122,1,3.580468,runtime_ppo,checkpoints/exp/regime_throughput/m4_runtime_ppo/seed33/checkpoint.json
